episode_id,timestep,split,pos_x,pos_y,vel_x,vel_y,speed,energy_remaining,dist_to_cs,cs_connected,avg_sensor_dist,covered_sensors_count,network_components
0,0,train,500.0,800.0,0.0,0.0,0.0,100.0,700.0,0,329.57,10,3
0,1,train,500.0,770.0,0.0,-30.0,30.0,99.5,670.0,0,306.12,10,3
0,2,train,500.0,740.0,0.0,-30.0,30.0,99.0,640.0,0,284.55,11,3
0,3,train,500.0,710.0,0.0,-30.0,30.0,98.5,610.0,0,265.85,13,4
0,4,train,500.0,680.0,0.0,-30.0,30.0,98.0,580.0,0,250.06,14,3
0,5,train,500.0,650.0,0.0,-30.0,30.0,97.5,550.0,0,237.36,15,4
0,6,train,500.0,620.0,0.0,-30.0,30.0,97.0,520.0,0,227.88,15,4
0,7,train,500.0,590.0,0.0,-30.0,30.0,96.5,490.0,0,222.19,16,4
0,8,train,500.0,560.0,0.0,-30.0,30.0,96.0,460.0,0,219.16,16,5
0,9,train,500.0,530.0,0.0,-30.0,30.0,95.5,430.0,0,218.04,16,5
0,10,train,500.0,500.0,0.0,-30.0,30.0,95.0,400.0,0,218.86,14,4
0,11,train,500.0,470.0,0.0,-30.0,30.0,94.5,370.0,0,221.93,15,4
0,12,train,500.0,440.0,0.0,-30.0,30.0,94.0,340.0,0,227.72,16,4
0,13,train,500.0,410.0,0.0,-30.0,30.0,93.5,310.0,0,236.46,14,4
0,14,train,500.0,380.0,0.0,-30.0,30.0,93.0,280.0,1,248.23,13,3
0,15,train,500.0,350.0,0.0,-30.0,30.0,92.5,250.0,1,262.7,13,3
0,16,train,500.0,320.0,0.0,-30.0,30.0,92.0,220.0,1,279.15,13,4
0,17,train,500.0,290.0,0.0,-30.0,30.0,91.5,190.0,1,297.1,12,3
0,18,train,500.0,260.0,0.0,-30.0,30.0,91.0,160.0,1,316.28,10,3
0,19,train,500.0,260.0,0.0,0.0,0.0,90.5,160.0,1,317.27,10,3
0,20,train,500.0,260.0,0.0,0.0,0.0,90.0,160.0,1,318.29,10,3
0,21,train,500.0,260.0,0.0,0.0,0.0,89.5,160.0,1,319.33,10,3
0,22,train,500.0,260.0,0.0,0.0,0.0,89.0,160.0,1,320.41,10,3
0,23,train,500.0,260.0,0.0,0.0,0.0,88.5,160.0,1,321.51,10,3
0,24,train,500.0,260.0,0.0,0.0,0.0,88.0,160.0,1,322.64,10,4
1,0,train,500.0,800.0,0.0,0.0,0.0,100.0,700.0,0,335.68,10,5
1,1,train,500.0,770.0,0.0,-30.0,30.0,99.5,670.0,0,318.92,11,5
1,2,train,500.0,740.0,0.0,-30.0,30.0,99.0,640.0,0,304.3,12,5
1,3,train,500.0,710.0,0.0,-30.0,30.0,98.5,610.0,0,291.64,12,5
1,4,train,500.0,680.0,0.0,-30.0,30.0,98.0,580.0,0,280.87,13,3
1,5,train,500.0,650.0,0.0,-30.0,30.0,97.5,550.0,0,272.01,13,3
1,6,train,500.0,620.0,0.0,-30.0,30.0,97.0,520.0,0,265.09,11,3
1,7,train,500.0,590.0,0.0,-30.0,30.0,96.5,490.0,0,260.05,13,4
1,8,train,500.0,560.0,0.0,-30.0,30.0,96.0,460.0,0,256.86,13,5
1,9,train,500.0,530.0,0.0,-30.0,30.0,95.5,430.0,0,255.5,14,5
1,10,train,500.0,500.0,0.0,-30.0,30.0,95.0,400.0,0,256.06,13,4
1,11,train,500.0,470.0,0.0,-30.0,30.0,94.5,370.0,0,258.75,13,5
1,12,train,500.0,440.0,0.0,-30.0,30.0,94.0,340.0,0,263.36,12,4
1,13,train,500.0,410.0,0.0,-30.0,30.0,93.5,310.0,0,269.52,12,5
1,14,train,500.0,380.0,0.0,-30.0,30.0,93.0,280.0,1,277.34,13,5
1,15,train,500.0,350.0,0.0,-30.0,30.0,92.5,250.0,1,287.42,12,5
1,16,train,500.0,320.0,0.0,-30.0,30.0,92.0,220.0,1,300.34,11,5
1,17,train,500.0,290.0,0.0,-30.0,30.0,91.5,190.0,1,315.89,10,4
1,18,train,500.0,260.0,0.0,-30.0,30.0,91.0,160.0,1,333.42,10,3
1,19,train,500.0,260.0,0.0,0.0,0.0,90.5,160.0,1,334.66,10,4
1,20,train,500.0,260.0,0.0,0.0,0.0,90.0,160.0,1,335.92,10,4
1,21,train,500.0,260.0,0.0,0.0,0.0,89.5,160.0,1,337.2,10,5
1,22,train,500.0,260.0,0.0,0.0,0.0,89.0,160.0,1,338.5,10,5
1,23,train,500.0,260.0,0.0,0.0,0.0,88.5,160.0,1,339.82,10,6
1,24,train,500.0,260.0,0.0,0.0,0.0,88.0,160.0,1,341.16,10,6
2,0,train,500.0,800.0,0.0,0.0,0.0,100.0,700.0,0,388.03,6,4
2,1,train,500.0,770.0,0.0,-30.0,30.0,99.5,670.0,0,367.09,8,4
2,2,train,500.0,740.0,0.0,-30.0,30.0,99.0,640.0,0,347.51,9,5
2,3,train,500.0,710.0,0.0,-30.0,30.0,98.5,610.0,0,328.99,10,5
2,4,train,500.0,680.0,0.0,-30.0,30.0,98.0,580.0,0,311.3,10,5
2,5,train,500.0,650.0,0.0,-30.0,30.0,97.5,550.0,0,294.39,10,4
2,6,train,500.0,620.0,0.0,-30.0,30.0,97.0,520.0,0,278.3,11,4
2,7,train,500.0,590.0,0.0,-30.0,30.0,96.5,490.0,0,265.71,12,5
2,8,train,500.0,560.0,0.0,-30.0,30.0,96.0,460.0,0,255.37,14,4
2,9,train,500.0,530.0,0.0,-30.0,30.0,95.5,430.0,0,246.82,13,4
2,10,train,500.0,500.0,0.0,-30.0,30.0,95.0,400.0,0,240.47,14,4
2,11,train,500.0,470.0,0.0,-30.0,30.0,94.5,370.0,0,236.68,13,4
2,12,train,500.0,440.0,0.0,-30.0,30.0,94.0,340.0,0,235.3,14,4
2,13,train,500.0,410.0,0.0,-30.0,30.0,93.5,310.0,0,235.93,16,4
2,14,train,500.0,380.0,0.0,-30.0,30.0,93.0,280.0,1,238.45,16,4
2,15,train,500.0,350.0,0.0,-30.0,30.0,92.5,250.0,1,243.11,16,5
2,16,train,500.0,320.0,0.0,-30.0,30.0,92.0,220.0,1,250.25,15,5
2,17,train,500.0,290.0,0.0,-30.0,30.0,91.5,190.0,1,259.77,15,5
2,18,train,500.0,260.0,0.0,-30.0,30.0,91.0,160.0,1,271.49,13,5
2,19,train,500.0,260.0,0.0,0.0,0.0,90.5,160.0,1,272.24,13,5
2,20,train,500.0,260.0,0.0,0.0,0.0,90.0,160.0,1,273.04,13,6
2,21,train,500.0,260.0,0.0,0.0,0.0,89.5,160.0,1,273.87,13,6
2,22,train,500.0,260.0,0.0,0.0,0.0,89.0,160.0,1,274.75,13,6
2,23,train,500.0,260.0,0.0,0.0,0.0,88.5,160.0,1,275.66,13,7
2,24,train,500.0,260.0,0.0,0.0,0.0,88.0,160.0,1,276.61,13,7
3,0,train,500.0,800.0,0.0,0.0,0.0,100.0,700.0,0,360.1,9,4
3,1,train,500.0,770.0,0.0,-30.0,30.0,99.5,670.0,0,338.39,9,4
3,2,train,500.0,740.0,0.0,-30.0,30.0,99.0,640.0,0,319.73,11,4
3,3,train,500.0,710.0,0.0,-30.0,30.0,98.5,610.0,0,303.58,11,4
3,4,train,500.0,680.0,0.0,-30.0,30.0,98.0,580.0,0,289.38,11,4
3,5,train,500.0,650.0,0.0,-30.0,30.0,97.5,550.0,0,276.86,12,4
3,6,train,500.0,620.0,0.0,-30.0,30.0,97.0,520.0,0,265.89,13,4
3,7,train,500.0,590.0,0.0,-30.0,30.0,96.5,490.0,0,256.58,13,4
3,8,train,500.0,560.0,0.0,-30.0,30.0,96.0,460.0,0,249.12,15,3
3,9,train,500.0,530.0,0.0,-30.0,30.0,95.5,430.0,0,243.78,15,5
3,10,train,500.0,500.0,0.0,-30.0,30.0,95.0,400.0,0,240.27,15,6
3,11,train,500.0,470.0,0.0,-30.0,30.0,94.5,370.0,0,238.48,14,6
3,12,train,500.0,440.0,0.0,-30.0,30.0,94.0,340.0,0,239.97,13,6
3,13,train,500.0,410.0,0.0,-30.0,30.0,93.5,310.0,0,244.2,11,7
3,14,train,500.0,380.0,0.0,-30.0,30.0,93.0,280.0,1,250.35,11,7
3,15,train,500.0,350.0,0.0,-30.0,30.0,92.5,250.0,1,258.36,12,7
3,16,train,500.0,320.0,0.0,-30.0,30.0,92.0,220.0,1,268.4,11,7
3,17,train,500.0,290.0,0.0,-30.0,30.0,91.5,190.0,1,280.6,11,6
3,18,train,500.0,260.0,0.0,-30.0,30.0,91.0,160.0,1,294.93,12,4
3,19,train,500.0,260.0,0.0,0.0,0.0,90.5,160.0,1,295.21,12,4
3,20,train,500.0,260.0,0.0,0.0,0.0,90.0,160.0,1,295.51,12,4
3,21,train,500.0,260.0,0.0,0.0,0.0,89.5,160.0,1,295.83,12,5
3,22,train,500.0,260.0,0.0,0.0,0.0,89.0,160.0,1,296.16,12,4
3,23,train,500.0,260.0,0.0,0.0,0.0,88.5,160.0,1,296.51,11,4
3,24,train,500.0,260.0,0.0,0.0,0.0,88.0,160.0,1,296.87,11,4
4,0,train,500.0,800.0,0.0,0.0,0.0,100.0,700.0,0,342.61,8,3
4,1,train,500.0,770.0,0.0,-30.0,30.0,99.5,670.0,0,320.02,9,3
4,2,train,500.0,740.0,0.0,-30.0,30.0,99.0,640.0,0,299.11,13,3
4,3,train,500.0,710.0,0.0,-30.0,30.0,98.5,610.0,0,279.76,13,3
4,4,train,500.0,680.0,0.0,-30.0,30.0,98.0,580.0,0,261.88,14,3
4,5,train,500.0,650.0,0.0,-30.0,30.0,97.5,550.0,0,245.47,15,2
4,6,train,500.0,620.0,0.0,-30.0,30.0,97.0,520.0,0,230.53,15,2
4,7,train,500.0,590.0,0.0,-30.0,30.0,96.5,490.0,0,217.27,16,2
4,8,train,500.0,560.0,0.0,-30.0,30.0,96.0,460.0,0,206.37,16,2
4,9,train,500.0,530.0,0.0,-30.0,30.0,95.5,430.0,0,198.75,16,2
4,10,train,500.0,500.0,0.0,-30.0,30.0,95.0,400.0,0,194.72,15,2
4,11,train,500.0,470.0,0.0,-30.0,30.0,94.5,370.0,0,194.24,16,2
4,12,train,500.0,440.0,0.0,-30.0,30.0,94.0,340.0,0,197.38,16,2
4,13,train,500.0,410.0,0.0,-30.0,30.0,93.5,310.0,0,203.94,15,2
4,14,train,500.0,380.0,0.0,-30.0,30.0,93.0,280.0,1,213.44,15,2
4,15,train,500.0,350.0,0.0,-30.0,30.0,92.5,250.0,1,225.46,15,2
4,16,train,500.0,320.0,0.0,-30.0,30.0,92.0,220.0,1,239.64,15,2
4,17,train,500.0,290.0,0.0,-30.0,30.0,91.5,190.0,1,255.63,14,1
4,18,train,500.0,260.0,0.0,-30.0,30.0,91.0,160.0,1,274.62,14,3
4,19,train,500.0,260.0,0.0,0.0,0.0,90.5,160.0,1,274.48,14,3
4,20,train,500.0,260.0,0.0,0.0,0.0,90.0,160.0,1,274.39,14,3
4,21,train,500.0,260.0,0.0,0.0,0.0,89.5,160.0,1,274.35,14,4
4,22,train,500.0,260.0,0.0,0.0,0.0,89.0,160.0,1,274.37,14,4
4,23,train,500.0,260.0,0.0,0.0,0.0,88.5,160.0,1,274.46,14,5
4,24,train,500.0,260.0,0.0,0.0,0.0,88.0,160.0,1,274.64,14,5
5,0,train,500.0,800.0,0.0,0.0,0.0,100.0,700.0,0,316.99,10,4
5,1,train,500.0,770.0,0.0,-30.0,30.0,99.5,670.0,0,297.26,12,4
5,2,train,500.0,740.0,0.0,-30.0,30.0,99.0,640.0,0,279.32,13,5
5,3,train,500.0,710.0,0.0,-30.0,30.0,98.5,610.0,0,263.34,13,6
5,4,train,500.0,680.0,0.0,-30.0,30.0,98.0,580.0,0,249.6,13,6
5,5,train,500.0,650.0,0.0,-30.0,30.0,97.5,550.0,0,238.6,14,6
5,6,train,500.0,620.0,0.0,-30.0,30.0,97.0,520.0,0,230.89,15,5
5,7,train,500.0,590.0,0.0,-30.0,30.0,96.5,490.0,0,226.1,15,5
5,8,train,500.0,560.0,0.0,-30.0,30.0,96.0,460.0,0,223.57,15,5
5,9,train,500.0,530.0,0.0,-30.0,30.0,95.5,430.0,0,223.24,16,5
5,10,train,500.0,500.0,0.0,-30.0,30.0,95.0,400.0,0,225.25,16,5
5,11,train,500.0,470.0,0.0,-30.0,30.0,94.5,370.0,0,229.35,15,5
5,12,train,500.0,440.0,0.0,-30.0,30.0,94.0,340.0,0,235.48,14,5
5,13,train,500.0,410.0,0.0,-30.0,30.0,93.5,310.0,0,243.78,14,5
5,14,train,500.0,380.0,0.0,-30.0,30.0,93.0,280.0,1,253.77,14,5
5,15,train,500.0,350.0,0.0,-30.0,30.0,92.5,250.0,1,266.41,12,5
5,16,train,500.0,320.0,0.0,-30.0,30.0,92.0,220.0,1,283.25,11,5
5,17,train,500.0,290.0,0.0,-30.0,30.0,91.5,190.0,1,302.77,11,4
5,18,train,500.0,260.0,0.0,-30.0,30.0,91.0,160.0,1,324.18,10,2
5,19,train,500.0,260.0,0.0,0.0,0.0,90.5,160.0,1,325.1,9,2
5,20,train,500.0,260.0,0.0,0.0,0.0,90.0,160.0,1,326.03,9,3
5,21,train,500.0,260.0,0.0,0.0,0.0,89.5,160.0,1,326.98,9,4
5,22,train,500.0,260.0,0.0,0.0,0.0,89.0,160.0,1,327.95,9,4
5,23,train,500.0,260.0,0.0,0.0,0.0,88.5,160.0,1,328.94,9,4
5,24,train,500.0,260.0,0.0,0.0,0.0,88.0,160.0,1,329.94,9,4
6,0,train,500.0,800.0,0.0,0.0,0.0,100.0,700.0,0,356.37,9,7
6,1,train,500.0,770.0,0.0,-30.0,30.0,99.5,670.0,0,338.14,9,6
6,2,train,500.0,740.0,0.0,-30.0,30.0,99.0,640.0,0,320.8,10,5
6,3,train,500.0,710.0,0.0,-30.0,30.0,98.5,610.0,0,304.44,10,6
6,4,train,500.0,680.0,0.0,-30.0,30.0,98.0,580.0,0,290.09,11,7
6,5,train,500.0,650.0,0.0,-30.0,30.0,97.5,550.0,0,279.41,11,8
6,6,train,500.0,620.0,0.0,-30.0,30.0,97.0,520.0,0,270.62,11,9
6,7,train,500.0,590.0,0.0,-30.0,30.0,96.5,490.0,0,263.22,12,10
6,8,train,500.0,560.0,0.0,-30.0,30.0,96.0,460.0,0,257.51,12,10
6,9,train,500.0,530.0,0.0,-30.0,30.0,95.5,430.0,0,253.66,12,10
6,10,train,500.0,500.0,0.0,-30.0,30.0,95.0,400.0,0,251.43,12,9
6,11,train,500.0,470.0,0.0,-30.0,30.0,94.5,370.0,0,250.4,14,9
6,12,train,500.0,440.0,0.0,-30.0,30.0,94.0,340.0,0,250.49,15,8
6,13,train,500.0,410.0,0.0,-30.0,30.0,93.5,310.0,0,251.77,15,8
6,14,train,500.0,380.0,0.0,-30.0,30.0,93.0,280.0,1,254.37,14,8
6,15,train,500.0,350.0,0.0,-30.0,30.0,92.5,250.0,1,258.53,13,8
6,16,train,500.0,320.0,0.0,-30.0,30.0,92.0,220.0,1,264.73,13,7
6,17,train,500.0,290.0,0.0,-30.0,30.0,91.5,190.0,1,273.45,12,6
6,18,train,500.0,260.0,0.0,-30.0,30.0,91.0,160.0,1,284.85,11,5
6,19,train,500.0,260.0,0.0,0.0,0.0,90.5,160.0,1,284.85,11,5
6,20,train,500.0,260.0,0.0,0.0,0.0,90.0,160.0,1,284.89,11,5
6,21,train,500.0,260.0,0.0,0.0,0.0,89.5,160.0,1,284.99,11,5
6,22,train,500.0,260.0,0.0,0.0,0.0,89.0,160.0,1,285.14,11,5
6,23,train,500.0,260.0,0.0,0.0,0.0,88.5,160.0,1,285.33,11,5
6,24,train,500.0,260.0,0.0,0.0,0.0,88.0,160.0,1,285.56,11,5
7,0,train,500.0,800.0,0.0,0.0,0.0,100.0,700.0,0,317.37,10,6
7,1,train,500.0,770.0,0.0,-30.0,30.0,99.5,670.0,0,300.64,10,5
7,2,train,500.0,740.0,0.0,-30.0,30.0,99.0,640.0,0,285.64,10,5
7,3,train,500.0,710.0,0.0,-30.0,30.0,98.5,610.0,0,273.49,11,5
7,4,train,500.0,680.0,0.0,-30.0,30.0,98.0,580.0,0,263.35,12,5
7,5,train,500.0,650.0,0.0,-30.0,30.0,97.5,550.0,0,254.65,13,7
7,6,train,500.0,620.0,0.0,-30.0,30.0,97.0,520.0,0,247.38,14,7
7,7,train,500.0,590.0,0.0,-30.0,30.0,96.5,490.0,0,241.82,16,7
7,8,train,500.0,560.0,0.0,-30.0,30.0,96.0,460.0,0,238.46,14,6
7,9,train,500.0,530.0,0.0,-30.0,30.0,95.5,430.0,0,237.38,14,8
7,10,train,500.0,500.0,0.0,-30.0,30.0,95.0,400.0,0,238.3,15,9
7,11,train,500.0,470.0,0.0,-30.0,30.0,94.5,370.0,0,240.85,14,8
7,12,train,500.0,440.0,0.0,-30.0,30.0,94.0,340.0,0,246.2,14,8
7,13,train,500.0,410.0,0.0,-30.0,30.0,93.5,310.0,0,255.31,13,8
7,14,train,500.0,380.0,0.0,-30.0,30.0,93.0,280.0,1,266.43,13,8
7,15,train,500.0,350.0,0.0,-30.0,30.0,92.5,250.0,1,279.81,12,7
7,16,train,500.0,320.0,0.0,-30.0,30.0,92.0,220.0,1,295.8,12,7
7,17,train,500.0,290.0,0.0,-30.0,30.0,91.5,190.0,1,314.18,11,6
7,18,train,500.0,260.0,0.0,-30.0,30.0,91.0,160.0,1,334.33,11,6
7,19,train,500.0,260.0,0.0,0.0,0.0,90.5,160.0,1,334.73,11,6
7,20,train,500.0,260.0,0.0,0.0,0.0,90.0,160.0,1,335.16,11,6
7,21,train,500.0,260.0,0.0,0.0,0.0,89.5,160.0,1,335.61,11,6
7,22,train,500.0,260.0,0.0,0.0,0.0,89.0,160.0,1,336.09,11,7
7,23,train,500.0,260.0,0.0,0.0,0.0,88.5,160.0,1,336.6,11,6
7,24,train,500.0,260.0,0.0,0.0,0.0,88.0,160.0,1,337.14,11,6
8,0,train,500.0,800.0,0.0,0.0,0.0,100.0,700.0,0,280.47,13,8
8,1,train,500.0,770.0,0.0,-30.0,30.0,99.5,670.0,0,267.63,14,9
8,2,train,500.0,740.0,0.0,-30.0,30.0,99.0,640.0,0,258.65,14,9
8,3,train,500.0,710.0,0.0,-30.0,30.0,98.5,610.0,0,252.44,14,9
8,4,train,500.0,680.0,0.0,-30.0,30.0,98.0,580.0,0,247.7,16,9
8,5,train,500.0,650.0,0.0,-30.0,30.0,97.5,550.0,0,244.26,16,9
8,6,train,500.0,620.0,0.0,-30.0,30.0,97.0,520.0,0,242.05,15,9
8,7,train,500.0,590.0,0.0,-30.0,30.0,96.5,490.0,0,241.45,14,9
8,8,train,500.0,560.0,0.0,-30.0,30.0,96.0,460.0,0,244.01,14,9
8,9,train,500.0,530.0,0.0,-30.0,30.0,95.5,430.0,0,249.9,12,10
8,10,train,500.0,500.0,0.0,-30.0,30.0,95.0,400.0,0,259.43,10,9
8,11,train,500.0,470.0,0.0,-30.0,30.0,94.5,370.0,0,270.27,9,7
8,12,train,500.0,440.0,0.0,-30.0,30.0,94.0,340.0,0,282.26,8,8
8,13,train,500.0,410.0,0.0,-30.0,30.0,93.5,310.0,0,295.72,9,8
8,14,train,500.0,380.0,0.0,-30.0,30.0,93.0,280.0,1,311.51,9,7
8,15,train,500.0,350.0,0.0,-30.0,30.0,92.5,250.0,1,329.44,9,7
8,16,train,500.0,320.0,0.0,-30.0,30.0,92.0,220.0,1,348.68,10,6
8,17,train,500.0,290.0,0.0,-30.0,30.0,91.5,190.0,1,368.91,9,3
8,18,train,500.0,260.0,0.0,-30.0,30.0,91.0,160.0,1,390.04,9,3
8,19,train,500.0,260.0,0.0,0.0,0.0,90.5,160.0,1,390.25,9,3
8,20,train,500.0,260.0,0.0,0.0,0.0,90.0,160.0,1,390.48,8,3
8,21,train,500.0,260.0,0.0,0.0,0.0,89.5,160.0,1,390.73,8,4
8,22,train,500.0,260.0,0.0,0.0,0.0,89.0,160.0,1,391.01,8,5
8,23,train,500.0,260.0,0.0,0.0,0.0,88.5,160.0,1,391.32,8,5
8,24,train,500.0,260.0,0.0,0.0,0.0,88.0,160.0,1,391.65,7,5
9,0,train,500.0,800.0,0.0,0.0,0.0,100.0,700.0,0,310.87,10,5
9,1,train,500.0,770.0,0.0,-30.0,30.0,99.5,670.0,0,290.33,10,5
9,2,train,500.0,740.0,0.0,-30.0,30.0,99.0,640.0,0,273.26,11,4
9,3,train,500.0,710.0,0.0,-30.0,30.0,98.5,610.0,0,259.65,12,3
9,4,train,500.0,680.0,0.0,-30.0,30.0,98.0,580.0,0,247.56,14,4
9,5,train,500.0,650.0,0.0,-30.0,30.0,97.5,550.0,0,240.33,14,4
9,6,train,500.0,620.0,0.0,-30.0,30.0,97.0,520.0,0,235.35,15,5
9,7,train,500.0,590.0,0.0,-30.0,30.0,96.5,490.0,0,231.49,15,5
9,8,train,500.0,560.0,0.0,-30.0,30.0,96.0,460.0,0,228.91,14,7
9,9,train,500.0,530.0,0.0,-30.0,30.0,95.5,430.0,0,227.91,14,8
9,10,train,500.0,500.0,0.0,-30.0,30.0,95.0,400.0,0,228.57,16,8
9,11,train,500.0,470.0,0.0,-30.0,30.0,94.5,370.0,0,230.89,16,8
9,12,train,500.0,440.0,0.0,-30.0,30.0,94.0,340.0,0,235.01,13,7
9,13,train,500.0,410.0,0.0,-30.0,30.0,93.5,310.0,0,241.62,13,7
9,14,train,500.0,380.0,0.0,-30.0,30.0,93.0,280.0,1,252.12,12,6
9,15,train,500.0,350.0,0.0,-30.0,30.0,92.5,250.0,1,265.54,12,5
9,16,train,500.0,320.0,0.0,-30.0,30.0,92.0,220.0,1,280.98,12,5
9,17,train,500.0,290.0,0.0,-30.0,30.0,91.5,190.0,1,298.13,11,5
9,18,train,500.0,260.0,0.0,-30.0,30.0,91.0,160.0,1,317.11,10,4
9,19,train,500.0,260.0,0.0,0.0,0.0,90.5,160.0,1,317.9,10,4
9,20,train,500.0,260.0,0.0,0.0,0.0,90.0,160.0,1,318.72,10,4
9,21,train,500.0,260.0,0.0,0.0,0.0,89.5,160.0,1,319.57,10,4
9,22,train,500.0,260.0,0.0,0.0,0.0,89.0,160.0,1,320.44,10,4
9,23,train,500.0,260.0,0.0,0.0,0.0,88.5,160.0,1,321.34,10,4
9,24,train,500.0,260.0,0.0,0.0,0.0,88.0,160.0,1,322.26,10,4
10,0,train,500.0,800.0,0.0,0.0,0.0,100.0,700.0,0,379.01,8,4
10,1,train,500.0,770.0,0.0,-30.0,30.0,99.5,670.0,0,360.62,8,4
10,2,train,500.0,740.0,0.0,-30.0,30.0,99.0,640.0,0,344.97,8,4
10,3,train,500.0,710.0,0.0,-30.0,30.0,98.5,610.0,0,331.75,9,4
10,4,train,500.0,680.0,0.0,-30.0,30.0,98.0,580.0,0,320.22,10,4
10,5,train,500.0,650.0,0.0,-30.0,30.0,97.5,550.0,0,310.11,11,4
10,6,train,500.0,620.0,0.0,-30.0,30.0,97.0,520.0,0,301.26,11,4
10,7,train,500.0,590.0,0.0,-30.0,30.0,96.5,490.0,0,293.51,12,3
10,8,train,500.0,560.0,0.0,-30.0,30.0,96.0,460.0,0,286.74,12,4
10,9,train,500.0,530.0,0.0,-30.0,30.0,95.5,430.0,0,280.88,12,5
10,10,train,500.0,500.0,0.0,-30.0,30.0,95.0,400.0,0,275.96,10,5
10,11,train,500.0,470.0,0.0,-30.0,30.0,94.5,370.0,0,272.09,10,5
10,12,train,500.0,440.0,0.0,-30.0,30.0,94.0,340.0,0,269.46,12,5
10,13,train,500.0,410.0,0.0,-30.0,30.0,93.5,310.0,0,268.25,12,6
10,14,train,500.0,380.0,0.0,-30.0,30.0,93.0,280.0,1,268.69,13,6
10,15,train,500.0,350.0,0.0,-30.0,30.0,92.5,250.0,1,271.45,13,6
10,16,train,500.0,320.0,0.0,-30.0,30.0,92.0,220.0,1,277.94,12,5
10,17,train,500.0,290.0,0.0,-30.0,30.0,91.5,190.0,1,287.62,12,5
10,18,train,500.0,260.0,0.0,-30.0,30.0,91.0,160.0,1,301.63,12,5
10,19,train,500.0,260.0,0.0,0.0,0.0,90.5,160.0,1,301.88,12,4
10,20,train,500.0,260.0,0.0,0.0,0.0,90.0,160.0,1,302.18,12,4
10,21,train,500.0,260.0,0.0,0.0,0.0,89.5,160.0,1,302.52,12,4
10,22,train,500.0,260.0,0.0,0.0,0.0,89.0,160.0,1,302.92,12,4
10,23,train,500.0,260.0,0.0,0.0,0.0,88.5,160.0,1,303.37,12,5
10,24,train,500.0,260.0,0.0,0.0,0.0,88.0,160.0,1,303.86,12,5
11,0,train,500.0,800.0,0.0,0.0,0.0,100.0,700.0,0,284.23,12,5
11,1,train,500.0,770.0,0.0,-30.0,30.0,99.5,670.0,0,273.73,12,5
11,2,train,500.0,740.0,0.0,-30.0,30.0,99.0,640.0,0,265.89,12,4
11,3,train,500.0,710.0,0.0,-30.0,30.0,98.5,610.0,0,260.29,14,4
11,4,train,500.0,680.0,0.0,-30.0,30.0,98.0,580.0,0,256.53,15,4
11,5,train,500.0,650.0,0.0,-30.0,30.0,97.5,550.0,0,254.39,15,4
11,6,train,500.0,620.0,0.0,-30.0,30.0,97.0,520.0,0,253.82,15,3
11,7,train,500.0,590.0,0.0,-30.0,30.0,96.5,490.0,0,254.82,15,3
11,8,train,500.0,560.0,0.0,-30.0,30.0,96.0,460.0,0,257.49,13,3
11,9,train,500.0,530.0,0.0,-30.0,30.0,95.5,430.0,0,261.97,12,4
11,10,train,500.0,500.0,0.0,-30.0,30.0,95.0,400.0,0,268.4,12,4
11,11,train,500.0,470.0,0.0,-30.0,30.0,94.5,370.0,0,276.96,11,4
11,12,train,500.0,440.0,0.0,-30.0,30.0,94.0,340.0,0,287.8,11,4
11,13,train,500.0,410.0,0.0,-30.0,30.0,93.5,310.0,0,300.96,10,4
11,14,train,500.0,380.0,0.0,-30.0,30.0,93.0,280.0,1,316.34,10,5
11,15,train,500.0,350.0,0.0,-30.0,30.0,92.5,250.0,1,333.77,9,5
11,16,train,500.0,320.0,0.0,-30.0,30.0,92.0,220.0,1,353.12,9,5
11,17,train,500.0,290.0,0.0,-30.0,30.0,91.5,190.0,1,374.31,8,4
11,18,train,500.0,260.0,0.0,-30.0,30.0,91.0,160.0,1,397.22,8,5
11,19,train,500.0,260.0,0.0,0.0,0.0,90.5,160.0,1,397.6,8,5
11,20,train,500.0,260.0,0.0,0.0,0.0,90.0,160.0,1,397.98,8,5
11,21,train,500.0,260.0,0.0,0.0,0.0,89.5,160.0,1,398.37,8,5
11,22,train,500.0,260.0,0.0,0.0,0.0,89.0,160.0,1,398.77,8,5
11,23,train,500.0,260.0,0.0,0.0,0.0,88.5,160.0,1,399.17,7,5
11,24,train,500.0,260.0,0.0,0.0,0.0,88.0,160.0,1,399.58,7,5
12,0,train,500.0,800.0,0.0,0.0,0.0,100.0,700.0,0,369.65,9,3
12,1,train,500.0,770.0,0.0,-30.0,30.0,99.5,670.0,0,347.87,9,3
12,2,train,500.0,740.0,0.0,-30.0,30.0,99.0,640.0,0,327.88,9,3
12,3,train,500.0,710.0,0.0,-30.0,30.0,98.5,610.0,0,310.12,11,4
12,4,train,500.0,680.0,0.0,-30.0,30.0,98.0,580.0,0,295.0,12,4
12,5,train,500.0,650.0,0.0,-30.0,30.0,97.5,550.0,0,283.26,13,3
12,6,train,500.0,620.0,0.0,-30.0,30.0,97.0,520.0,0,273.44,13,4
12,7,train,500.0,590.0,0.0,-30.0,30.0,96.5,490.0,0,265.03,12,4
12,8,train,500.0,560.0,0.0,-30.0,30.0,96.0,460.0,0,257.93,13,4
12,9,train,500.0,530.0,0.0,-30.0,30.0,95.5,430.0,0,252.09,14,3
12,10,train,500.0,500.0,0.0,-30.0,30.0,95.0,400.0,0,247.56,13,3
12,11,train,500.0,470.0,0.0,-30.0,30.0,94.5,370.0,0,244.42,13,3
12,12,train,500.0,440.0,0.0,-30.0,30.0,94.0,340.0,0,242.78,16,3
12,13,train,500.0,410.0,0.0,-30.0,30.0,93.5,310.0,0,242.71,14,3
12,14,train,500.0,380.0,0.0,-30.0,30.0,93.0,280.0,1,244.16,13,3
12,15,train,500.0,350.0,0.0,-30.0,30.0,92.5,250.0,1,247.51,13,3
12,16,train,500.0,320.0,0.0,-30.0,30.0,92.0,220.0,1,253.71,12,3
12,17,train,500.0,290.0,0.0,-30.0,30.0,91.5,190.0,1,260.89,12,2
12,18,train,500.0,260.0,0.0,-30.0,30.0,91.0,160.0,1,270.62,11,2
12,19,train,500.0,260.0,0.0,0.0,0.0,90.5,160.0,1,270.15,11,2
12,20,train,500.0,260.0,0.0,0.0,0.0,90.0,160.0,1,269.71,10,2
12,21,train,500.0,260.0,0.0,0.0,0.0,89.5,160.0,1,269.3,11,2
12,22,train,500.0,260.0,0.0,0.0,0.0,89.0,160.0,1,268.93,11,2
12,23,train,500.0,260.0,0.0,0.0,0.0,88.5,160.0,1,268.62,11,2
12,24,train,500.0,260.0,0.0,0.0,0.0,88.0,160.0,1,268.36,11,2
13,0,train,500.0,800.0,0.0,0.0,0.0,100.0,700.0,0,318.41,10,5
13,1,train,500.0,770.0,0.0,-30.0,30.0,99.5,670.0,0,301.81,13,5
13,2,train,500.0,740.0,0.0,-30.0,30.0,99.0,640.0,0,287.12,14,5
13,3,train,500.0,710.0,0.0,-30.0,30.0,98.5,610.0,0,274.06,14,5
13,4,train,500.0,680.0,0.0,-30.0,30.0,98.0,580.0,0,262.52,14,5
13,5,train,500.0,650.0,0.0,-30.0,30.0,97.5,550.0,0,252.59,14,5
13,6,train,500.0,620.0,0.0,-30.0,30.0,97.0,520.0,0,244.44,14,4
13,7,train,500.0,590.0,0.0,-30.0,30.0,96.5,490.0,0,238.24,13,4
13,8,train,500.0,560.0,0.0,-30.0,30.0,96.0,460.0,0,234.17,14,5
13,9,train,500.0,530.0,0.0,-30.0,30.0,95.5,430.0,0,232.66,13,5
13,10,train,500.0,500.0,0.0,-30.0,30.0,95.0,400.0,0,234.57,12,5
13,11,train,500.0,470.0,0.0,-30.0,30.0,94.5,370.0,0,239.98,13,4
13,12,train,500.0,440.0,0.0,-30.0,30.0,94.0,340.0,0,248.04,13,5
13,13,train,500.0,410.0,0.0,-30.0,30.0,93.5,310.0,0,258.03,14,5
13,14,train,500.0,380.0,0.0,-30.0,30.0,93.0,280.0,1,269.46,13,5
13,15,train,500.0,350.0,0.0,-30.0,30.0,92.5,250.0,1,282.12,13,5
13,16,train,500.0,320.0,0.0,-30.0,30.0,92.0,220.0,1,295.94,13,5
13,17,train,500.0,290.0,0.0,-30.0,30.0,91.5,190.0,1,310.93,13,3
13,18,train,500.0,260.0,0.0,-30.0,30.0,91.0,160.0,1,327.11,11,4
13,19,train,500.0,260.0,0.0,0.0,0.0,90.5,160.0,1,326.81,11,4
13,20,train,500.0,260.0,0.0,0.0,0.0,90.0,160.0,1,326.52,11,4
13,21,train,500.0,260.0,0.0,0.0,0.0,89.5,160.0,1,326.26,11,4
13,22,train,500.0,260.0,0.0,0.0,0.0,89.0,160.0,1,326.01,12,4
13,23,train,500.0,260.0,0.0,0.0,0.0,88.5,160.0,1,325.78,12,4
13,24,train,500.0,260.0,0.0,0.0,0.0,88.0,160.0,1,325.56,12,4
14,0,train,500.0,800.0,0.0,0.0,0.0,100.0,700.0,0,248.86,12,3
14,1,train,500.0,770.0,0.0,-30.0,30.0,99.5,670.0,0,232.31,14,3
14,2,train,500.0,740.0,0.0,-30.0,30.0,99.0,640.0,0,218.24,15,3
14,3,train,500.0,710.0,0.0,-30.0,30.0,98.5,610.0,0,207.58,15,4
14,4,train,500.0,680.0,0.0,-30.0,30.0,98.0,580.0,0,200.23,17,3
14,5,train,500.0,650.0,0.0,-30.0,30.0,97.5,550.0,0,196.11,19,3
14,6,train,500.0,620.0,0.0,-30.0,30.0,97.0,520.0,0,195.55,19,3
14,7,train,500.0,590.0,0.0,-30.0,30.0,96.5,490.0,0,197.35,18,4
14,8,train,500.0,560.0,0.0,-30.0,30.0,96.0,460.0,0,200.95,18,3
14,9,train,500.0,530.0,0.0,-30.0,30.0,95.5,430.0,0,206.23,18,3
14,10,train,500.0,500.0,0.0,-30.0,30.0,95.0,400.0,0,213.18,16,3
14,11,train,500.0,470.0,0.0,-30.0,30.0,94.5,370.0,0,221.88,15,3
14,12,train,500.0,440.0,0.0,-30.0,30.0,94.0,340.0,0,232.45,15,3
14,13,train,500.0,410.0,0.0,-30.0,30.0,93.5,310.0,0,245.21,13,3
14,14,train,500.0,380.0,0.0,-30.0,30.0,93.0,280.0,1,262.47,11,3
14,15,train,500.0,350.0,0.0,-30.0,30.0,92.5,250.0,1,283.34,10,3
14,16,train,500.0,320.0,0.0,-30.0,30.0,92.0,220.0,1,306.09,8,3
14,17,train,500.0,290.0,0.0,-30.0,30.0,91.5,190.0,1,331.7,7,1
14,18,train,500.0,260.0,0.0,-30.0,30.0,91.0,160.0,1,358.99,7,1
14,19,train,500.0,260.0,0.0,0.0,0.0,90.5,160.0,1,358.86,7,1
14,20,train,500.0,260.0,0.0,0.0,0.0,90.0,160.0,1,358.77,7,1
14,21,train,500.0,260.0,0.0,0.0,0.0,89.5,160.0,1,358.7,7,1
14,22,train,500.0,260.0,0.0,0.0,0.0,89.0,160.0,1,358.65,7,1
14,23,train,500.0,260.0,0.0,0.0,0.0,88.5,160.0,1,358.64,7,1
14,24,train,500.0,260.0,0.0,0.0,0.0,88.0,160.0,1,358.65,7,1
15,0,train,500.0,800.0,0.0,0.0,0.0,100.0,700.0,0,360.32,9,4
15,1,train,500.0,770.0,0.0,-30.0,30.0,99.5,670.0,0,338.6,10,3
15,2,train,500.0,740.0,0.0,-30.0,30.0,99.0,640.0,0,318.01,11,3
15,3,train,500.0,710.0,0.0,-30.0,30.0,98.5,610.0,0,298.99,12,3
15,4,train,500.0,680.0,0.0,-30.0,30.0,98.0,580.0,0,283.0,13,4
15,5,train,500.0,650.0,0.0,-30.0,30.0,97.5,550.0,0,268.81,14,5
15,6,train,500.0,620.0,0.0,-30.0,30.0,97.0,520.0,0,256.51,14,5
15,7,train,500.0,590.0,0.0,-30.0,30.0,96.5,490.0,0,246.67,14,6
15,8,train,500.0,560.0,0.0,-30.0,30.0,96.0,460.0,0,240.14,13,6
15,9,train,500.0,530.0,0.0,-30.0,30.0,95.5,430.0,0,237.1,12,6
15,10,train,500.0,500.0,0.0,-30.0,30.0,95.0,400.0,0,237.28,12,6
15,11,train,500.0,470.0,0.0,-30.0,30.0,94.5,370.0,0,239.91,15,6
15,12,train,500.0,440.0,0.0,-30.0,30.0,94.0,340.0,0,244.53,15,6
15,13,train,500.0,410.0,0.0,-30.0,30.0,93.5,310.0,0,250.81,15,6
15,14,train,500.0,380.0,0.0,-30.0,30.0,93.0,280.0,1,258.6,14,6
15,15,train,500.0,350.0,0.0,-30.0,30.0,92.5,250.0,1,267.8,14,6
15,16,train,500.0,320.0,0.0,-30.0,30.0,92.0,220.0,1,278.32,14,6
15,17,train,500.0,290.0,0.0,-30.0,30.0,91.5,190.0,1,290.05,11,3
15,18,train,500.0,260.0,0.0,-30.0,30.0,91.0,160.0,1,302.86,11,3
15,19,train,500.0,260.0,0.0,0.0,0.0,90.5,160.0,1,303.53,10,4
15,20,train,500.0,260.0,0.0,0.0,0.0,90.0,160.0,1,304.24,10,5
15,21,train,500.0,260.0,0.0,0.0,0.0,89.5,160.0,1,304.97,10,6
15,22,train,500.0,260.0,0.0,0.0,0.0,89.0,160.0,1,305.73,10,6
15,23,train,500.0,260.0,0.0,0.0,0.0,88.5,160.0,1,306.52,10,6
15,24,train,500.0,260.0,0.0,0.0,0.0,88.0,160.0,1,307.35,9,6
16,0,train,500.0,800.0,0.0,0.0,0.0,100.0,700.0,0,349.8,9,3
16,1,train,500.0,770.0,0.0,-30.0,30.0,99.5,670.0,0,328.41,10,3
16,2,train,500.0,740.0,0.0,-30.0,30.0,99.0,640.0,0,309.0,10,3
16,3,train,500.0,710.0,0.0,-30.0,30.0,98.5,610.0,0,292.19,11,3
16,4,train,500.0,680.0,0.0,-30.0,30.0,98.0,580.0,0,277.88,11,4
16,5,train,500.0,650.0,0.0,-30.0,30.0,97.5,550.0,0,266.31,12,4
16,6,train,500.0,620.0,0.0,-30.0,30.0,97.0,520.0,0,257.55,14,4
16,7,train,500.0,590.0,0.0,-30.0,30.0,96.5,490.0,0,250.99,14,4
16,8,train,500.0,560.0,0.0,-30.0,30.0,96.0,460.0,0,246.08,15,5
16,9,train,500.0,530.0,0.0,-30.0,30.0,95.5,430.0,0,242.51,15,4
16,10,train,500.0,500.0,0.0,-30.0,30.0,95.0,400.0,0,240.27,15,3
16,11,train,500.0,470.0,0.0,-30.0,30.0,94.5,370.0,0,239.72,14,3
16,12,train,500.0,440.0,0.0,-30.0,30.0,94.0,340.0,0,241.37,14,3
16,13,train,500.0,410.0,0.0,-30.0,30.0,93.5,310.0,0,245.19,13,3
16,14,train,500.0,380.0,0.0,-30.0,30.0,93.0,280.0,1,250.95,13,3
16,15,train,500.0,350.0,0.0,-30.0,30.0,92.5,250.0,1,258.76,12,3
16,16,train,500.0,320.0,0.0,-30.0,30.0,92.0,220.0,1,269.08,11,3
16,17,train,500.0,290.0,0.0,-30.0,30.0,91.5,190.0,1,281.59,11,2
16,18,train,500.0,260.0,0.0,-30.0,30.0,91.0,160.0,1,295.83,11,3
16,19,train,500.0,260.0,0.0,0.0,0.0,90.5,160.0,1,296.65,11,3
16,20,train,500.0,260.0,0.0,0.0,0.0,90.0,160.0,1,297.5,11,2
16,21,train,500.0,260.0,0.0,0.0,0.0,89.5,160.0,1,298.37,11,3
16,22,train,500.0,260.0,0.0,0.0,0.0,89.0,160.0,1,299.27,11,3
16,23,train,500.0,260.0,0.0,0.0,0.0,88.5,160.0,1,300.0,11,3
16,24,train,500.0,260.0,0.0,0.0,0.0,88.0,160.0,1,300.52,11,5
17,0,train,500.0,800.0,0.0,0.0,0.0,100.0,700.0,0,324.95,12,5
17,1,train,500.0,770.0,0.0,-30.0,30.0,99.5,670.0,0,310.45,12,6
17,2,train,500.0,740.0,0.0,-30.0,30.0,99.0,640.0,0,298.7,13,6
17,3,train,500.0,710.0,0.0,-30.0,30.0,98.5,610.0,0,290.68,13,6
17,4,train,500.0,680.0,0.0,-30.0,30.0,98.0,580.0,0,286.26,13,5
17,5,train,500.0,650.0,0.0,-30.0,30.0,97.5,550.0,0,284.11,13,5
17,6,train,500.0,620.0,0.0,-30.0,30.0,97.0,520.0,0,283.75,12,5
17,7,train,500.0,590.0,0.0,-30.0,30.0,96.5,490.0,0,284.92,12,4
17,8,train,500.0,560.0,0.0,-30.0,30.0,96.0,460.0,0,287.42,10,5
17,9,train,500.0,530.0,0.0,-30.0,30.0,95.5,430.0,0,291.1,10,6
17,10,train,500.0,500.0,0.0,-30.0,30.0,95.0,400.0,0,295.84,10,6
17,11,train,500.0,470.0,0.0,-30.0,30.0,94.5,370.0,0,301.56,9,5
17,12,train,500.0,440.0,0.0,-30.0,30.0,94.0,340.0,0,308.14,10,6
17,13,train,500.0,410.0,0.0,-30.0,30.0,93.5,310.0,0,315.5,10,6
17,14,train,500.0,380.0,0.0,-30.0,30.0,93.0,280.0,1,323.57,9,6
17,15,train,500.0,350.0,0.0,-30.0,30.0,92.5,250.0,1,332.35,9,6
17,16,train,500.0,320.0,0.0,-30.0,30.0,92.0,220.0,1,341.88,8,5
17,17,train,500.0,290.0,0.0,-30.0,30.0,91.5,190.0,1,352.26,8,4
17,18,train,500.0,260.0,0.0,-30.0,30.0,91.0,160.0,1,365.89,8,4
17,19,train,500.0,260.0,0.0,0.0,0.0,90.5,160.0,1,365.93,8,4
17,20,train,500.0,260.0,0.0,0.0,0.0,90.0,160.0,1,366.0,8,4
17,21,train,500.0,260.0,0.0,0.0,0.0,89.5,160.0,1,366.11,8,4
17,22,train,500.0,260.0,0.0,0.0,0.0,89.0,160.0,1,366.25,8,4
17,23,train,500.0,260.0,0.0,0.0,0.0,88.5,160.0,1,366.42,8,4
17,24,train,500.0,260.0,0.0,0.0,0.0,88.0,160.0,1,366.6,8,4
18,0,train,500.0,800.0,0.0,0.0,0.0,100.0,700.0,0,348.78,10,4
18,1,train,500.0,770.0,0.0,-30.0,30.0,99.5,670.0,0,329.83,10,3
18,2,train,500.0,740.0,0.0,-30.0,30.0,99.0,640.0,0,312.53,11,4
18,3,train,500.0,710.0,0.0,-30.0,30.0,98.5,610.0,0,299.43,12,4
18,4,train,500.0,680.0,0.0,-30.0,30.0,98.0,580.0,0,287.78,12,4
18,5,train,500.0,650.0,0.0,-30.0,30.0,97.5,550.0,0,277.72,13,5
18,6,train,500.0,620.0,0.0,-30.0,30.0,97.0,520.0,0,269.46,12,5
18,7,train,500.0,590.0,0.0,-30.0,30.0,96.5,490.0,0,263.11,12,5
18,8,train,500.0,560.0,0.0,-30.0,30.0,96.0,460.0,0,258.68,13,6
18,9,train,500.0,530.0,0.0,-30.0,30.0,95.5,430.0,0,256.19,12,6
18,10,train,500.0,500.0,0.0,-30.0,30.0,95.0,400.0,0,255.65,13,6
18,11,train,500.0,470.0,0.0,-30.0,30.0,94.5,370.0,0,256.92,13,6
18,12,train,500.0,440.0,0.0,-30.0,30.0,94.0,340.0,0,259.87,13,6
18,13,train,500.0,410.0,0.0,-30.0,30.0,93.5,310.0,0,264.58,12,6
18,14,train,500.0,380.0,0.0,-30.0,30.0,93.0,280.0,1,271.29,12,6
18,15,train,500.0,350.0,0.0,-30.0,30.0,92.5,250.0,1,280.25,11,5
18,16,train,500.0,320.0,0.0,-30.0,30.0,92.0,220.0,1,291.74,12,5
18,17,train,500.0,290.0,0.0,-30.0,30.0,91.5,190.0,1,306.31,11,4
18,18,train,500.0,260.0,0.0,-30.0,30.0,91.0,160.0,1,323.96,11,3
18,19,train,500.0,260.0,0.0,0.0,0.0,90.5,160.0,1,325.26,11,4
18,20,train,500.0,260.0,0.0,0.0,0.0,90.0,160.0,1,326.58,11,4
18,21,train,500.0,260.0,0.0,0.0,0.0,89.5,160.0,1,327.92,11,4
18,22,train,500.0,260.0,0.0,0.0,0.0,89.0,160.0,1,329.27,11,4
18,23,train,500.0,260.0,0.0,0.0,0.0,88.5,160.0,1,330.65,11,4
18,24,train,500.0,260.0,0.0,0.0,0.0,88.0,160.0,1,332.04,11,4
19,0,train,500.0,800.0,0.0,0.0,0.0,100.0,700.0,0,297.42,11,6
19,1,train,500.0,770.0,0.0,-30.0,30.0,99.5,670.0,0,276.85,12,5
19,2,train,500.0,740.0,0.0,-30.0,30.0,99.0,640.0,0,257.81,13,6
19,3,train,500.0,710.0,0.0,-30.0,30.0,98.5,610.0,0,241.11,15,7
19,4,train,500.0,680.0,0.0,-30.0,30.0,98.0,580.0,0,228.39,16,6
19,5,train,500.0,650.0,0.0,-30.0,30.0,97.5,550.0,0,219.52,16,6
19,6,train,500.0,620.0,0.0,-30.0,30.0,97.0,520.0,0,213.09,16,7
19,7,train,500.0,590.0,0.0,-30.0,30.0,96.5,490.0,0,208.89,16,6
19,8,train,500.0,560.0,0.0,-30.0,30.0,96.0,460.0,0,207.28,15,7
19,9,train,500.0,530.0,0.0,-30.0,30.0,95.5,430.0,0,209.65,14,7
19,10,train,500.0,500.0,0.0,-30.0,30.0,95.0,400.0,0,214.65,15,7
19,11,train,500.0,470.0,0.0,-30.0,30.0,94.5,370.0,0,221.76,15,6
19,12,train,500.0,440.0,0.0,-30.0,30.0,94.0,340.0,0,230.92,15,6
19,13,train,500.0,410.0,0.0,-30.0,30.0,93.5,310.0,0,242.54,16,5
19,14,train,500.0,380.0,0.0,-30.0,30.0,93.0,280.0,1,256.87,12,5
19,15,train,500.0,350.0,0.0,-30.0,30.0,92.5,250.0,1,273.3,12,6
19,16,train,500.0,320.0,0.0,-30.0,30.0,92.0,220.0,1,291.35,11,7
19,17,train,500.0,290.0,0.0,-30.0,30.0,91.5,190.0,1,310.68,11,6
19,18,train,500.0,260.0,0.0,-30.0,30.0,91.0,160.0,1,331.06,8,5
19,19,train,500.0,260.0,0.0,0.0,0.0,90.5,160.0,1,331.24,8,4
19,20,train,500.0,260.0,0.0,0.0,0.0,90.0,160.0,1,331.44,9,4
19,21,train,500.0,260.0,0.0,0.0,0.0,89.5,160.0,1,331.66,9,5
19,22,train,500.0,260.0,0.0,0.0,0.0,89.0,160.0,1,331.89,9,6
19,23,train,500.0,260.0,0.0,0.0,0.0,88.5,160.0,1,332.13,9,6
19,24,train,500.0,260.0,0.0,0.0,0.0,88.0,160.0,1,332.4,9,6
20,0,train,500.0,800.0,0.0,0.0,0.0,100.0,700.0,0,328.83,10,2
20,1,train,500.0,770.0,0.0,-30.0,30.0,99.5,670.0,0,308.46,12,2
20,2,train,500.0,740.0,0.0,-30.0,30.0,99.0,640.0,0,289.74,12,3
20,3,train,500.0,710.0,0.0,-30.0,30.0,98.5,610.0,0,272.45,12,3
20,4,train,500.0,680.0,0.0,-30.0,30.0,98.0,580.0,0,256.34,13,3
20,5,train,500.0,650.0,0.0,-30.0,30.0,97.5,550.0,0,241.29,14,4
20,6,train,500.0,620.0,0.0,-30.0,30.0,97.0,520.0,0,227.7,16,5
20,7,train,500.0,590.0,0.0,-30.0,30.0,96.5,490.0,0,217.33,16,6
20,8,train,500.0,560.0,0.0,-30.0,30.0,96.0,460.0,0,209.37,14,6
20,9,train,500.0,530.0,0.0,-30.0,30.0,95.5,430.0,0,204.82,16,6
20,10,train,500.0,500.0,0.0,-30.0,30.0,95.0,400.0,0,204.62,15,6
20,11,train,500.0,470.0,0.0,-30.0,30.0,94.5,370.0,0,207.18,15,5
20,12,train,500.0,440.0,0.0,-30.0,30.0,94.0,340.0,0,211.61,15,4
20,13,train,500.0,410.0,0.0,-30.0,30.0,93.5,310.0,0,217.69,15,5
20,14,train,500.0,380.0,0.0,-30.0,30.0,93.0,280.0,1,225.81,15,5
20,15,train,500.0,350.0,0.0,-30.0,30.0,92.5,250.0,1,238.25,15,6
20,16,train,500.0,320.0,0.0,-30.0,30.0,92.0,220.0,1,254.77,14,6
20,17,train,500.0,290.0,0.0,-30.0,30.0,91.5,190.0,1,274.03,13,5
20,18,train,500.0,260.0,0.0,-30.0,30.0,91.0,160.0,1,295.39,12,5
20,19,train,500.0,260.0,0.0,0.0,0.0,90.5,160.0,1,295.86,12,5
20,20,train,500.0,260.0,0.0,0.0,0.0,90.0,160.0,1,296.36,12,5
20,21,train,500.0,260.0,0.0,0.0,0.0,89.5,160.0,1,296.89,12,5
20,22,train,500.0,260.0,0.0,0.0,0.0,89.0,160.0,1,297.44,12,5
20,23,train,500.0,260.0,0.0,0.0,0.0,88.5,160.0,1,298.03,12,5
20,24,train,500.0,260.0,0.0,0.0,0.0,88.0,160.0,1,298.64,12,6
21,0,train,500.0,800.0,0.0,0.0,0.0,100.0,700.0,0,357.77,9,4
21,1,train,500.0,770.0,0.0,-30.0,30.0,99.5,670.0,0,338.38,10,4
21,2,train,500.0,740.0,0.0,-30.0,30.0,99.0,640.0,0,320.7,10,4
21,3,train,500.0,710.0,0.0,-30.0,30.0,98.5,610.0,0,304.16,10,5
21,4,train,500.0,680.0,0.0,-30.0,30.0,98.0,580.0,0,288.76,10,5
21,5,train,500.0,650.0,0.0,-30.0,30.0,97.5,550.0,0,274.87,11,6
21,6,train,500.0,620.0,0.0,-30.0,30.0,97.0,520.0,0,264.42,11,6
21,7,train,500.0,590.0,0.0,-30.0,30.0,96.5,490.0,0,258.85,9,6
21,8,train,500.0,560.0,0.0,-30.0,30.0,96.0,460.0,0,256.26,12,7
21,9,train,500.0,530.0,0.0,-30.0,30.0,95.5,430.0,0,255.51,12,7
21,10,train,500.0,500.0,0.0,-30.0,30.0,95.0,400.0,0,255.99,13,7
21,11,train,500.0,470.0,0.0,-30.0,30.0,94.5,370.0,0,257.46,13,7
21,12,train,500.0,440.0,0.0,-30.0,30.0,94.0,340.0,0,259.89,13,6
21,13,train,500.0,410.0,0.0,-30.0,30.0,93.5,310.0,0,263.35,15,6
21,14,train,500.0,380.0,0.0,-30.0,30.0,93.0,280.0,1,267.99,15,6
21,15,train,500.0,350.0,0.0,-30.0,30.0,92.5,250.0,1,274.01,14,5
21,16,train,500.0,320.0,0.0,-30.0,30.0,92.0,220.0,1,281.7,11,5
21,17,train,500.0,290.0,0.0,-30.0,30.0,91.5,190.0,1,291.4,11,5
21,18,train,500.0,260.0,0.0,-30.0,30.0,91.0,160.0,1,303.57,11,5
21,19,train,500.0,260.0,0.0,0.0,0.0,90.5,160.0,1,304.9,11,5
21,20,train,500.0,260.0,0.0,0.0,0.0,90.0,160.0,1,306.24,11,5
21,21,train,500.0,260.0,0.0,0.0,0.0,89.5,160.0,1,307.6,11,5
21,22,train,500.0,260.0,0.0,0.0,0.0,89.0,160.0,1,308.98,11,6
21,23,train,500.0,260.0,0.0,0.0,0.0,88.5,160.0,1,310.38,11,6
21,24,train,500.0,260.0,0.0,0.0,0.0,88.0,160.0,1,311.8,11,6
22,0,train,500.0,800.0,0.0,0.0,0.0,100.0,700.0,0,276.72,11,5
22,1,train,500.0,770.0,0.0,-30.0,30.0,99.5,670.0,0,260.81,14,5
22,2,train,500.0,740.0,0.0,-30.0,30.0,99.0,640.0,0,248.03,15,6
22,3,train,500.0,710.0,0.0,-30.0,30.0,98.5,610.0,0,238.5,16,6
22,4,train,500.0,680.0,0.0,-30.0,30.0,98.0,580.0,0,232.29,16,5
22,5,train,500.0,650.0,0.0,-30.0,30.0,97.5,550.0,0,229.3,16,5
22,6,train,500.0,620.0,0.0,-30.0,30.0,97.0,520.0,0,229.19,15,5
22,7,train,500.0,590.0,0.0,-30.0,30.0,96.5,490.0,0,231.41,14,5
22,8,train,500.0,560.0,0.0,-30.0,30.0,96.0,460.0,0,235.68,14,5
22,9,train,500.0,530.0,0.0,-30.0,30.0,95.5,430.0,0,242.02,14,5
22,10,train,500.0,500.0,0.0,-30.0,30.0,95.0,400.0,0,250.56,13,4
22,11,train,500.0,470.0,0.0,-30.0,30.0,94.5,370.0,0,261.24,13,3
22,12,train,500.0,440.0,0.0,-30.0,30.0,94.0,340.0,0,273.83,12,3
22,13,train,500.0,410.0,0.0,-30.0,30.0,93.5,310.0,0,288.04,12,3
22,14,train,500.0,380.0,0.0,-30.0,30.0,93.0,280.0,1,303.63,11,3
22,15,train,500.0,350.0,0.0,-30.0,30.0,92.5,250.0,1,320.43,10,2
22,16,train,500.0,320.0,0.0,-30.0,30.0,92.0,220.0,1,338.4,10,3
22,17,train,500.0,290.0,0.0,-30.0,30.0,91.5,190.0,1,357.47,10,3
22,18,train,500.0,260.0,0.0,-30.0,30.0,91.0,160.0,1,377.55,9,3
22,19,train,500.0,260.0,0.0,0.0,0.0,90.5,160.0,1,377.99,9,3
22,20,train,500.0,260.0,0.0,0.0,0.0,90.0,160.0,1,378.45,9,4
22,21,train,500.0,260.0,0.0,0.0,0.0,89.5,160.0,1,378.93,9,4
22,22,train,500.0,260.0,0.0,0.0,0.0,89.0,160.0,1,379.43,9,4
22,23,train,500.0,260.0,0.0,0.0,0.0,88.5,160.0,1,379.95,9,4
22,24,train,500.0,260.0,0.0,0.0,0.0,88.0,160.0,1,380.49,9,4
23,0,train,500.0,800.0,0.0,0.0,0.0,100.0,700.0,0,303.34,10,7
23,1,train,500.0,770.0,0.0,-30.0,30.0,99.5,670.0,0,288.39,12,8
23,2,train,500.0,740.0,0.0,-30.0,30.0,99.0,640.0,0,275.27,14,7
23,3,train,500.0,710.0,0.0,-30.0,30.0,98.5,610.0,0,265.0,15,8
23,4,train,500.0,680.0,0.0,-30.0,30.0,98.0,580.0,0,257.08,15,8
23,5,train,500.0,650.0,0.0,-30.0,30.0,97.5,550.0,0,250.58,15,8
23,6,train,500.0,620.0,0.0,-30.0,30.0,97.0,520.0,0,245.44,15,8
23,7,train,500.0,590.0,0.0,-30.0,30.0,96.5,490.0,0,241.83,15,7
23,8,train,500.0,560.0,0.0,-30.0,30.0,96.0,460.0,0,239.96,15,7
23,9,train,500.0,530.0,0.0,-30.0,30.0,95.5,430.0,0,239.84,15,8
23,10,train,500.0,500.0,0.0,-30.0,30.0,95.0,400.0,0,241.4,13,7
23,11,train,500.0,470.0,0.0,-30.0,30.0,94.5,370.0,0,245.12,12,7
23,12,train,500.0,440.0,0.0,-30.0,30.0,94.0,340.0,0,253.49,10,6
23,13,train,500.0,410.0,0.0,-30.0,30.0,93.5,310.0,0,264.45,12,6
23,14,train,500.0,380.0,0.0,-30.0,30.0,93.0,280.0,1,276.81,11,6
23,15,train,500.0,350.0,0.0,-30.0,30.0,92.5,250.0,1,290.58,12,6
23,16,train,500.0,320.0,0.0,-30.0,30.0,92.0,220.0,1,305.97,11,7
23,17,train,500.0,290.0,0.0,-30.0,30.0,91.5,190.0,1,323.06,11,5
23,18,train,500.0,260.0,0.0,-30.0,30.0,91.0,160.0,1,341.59,11,5
23,19,train,500.0,260.0,0.0,0.0,0.0,90.5,160.0,1,341.15,11,5
23,20,train,500.0,260.0,0.0,0.0,0.0,90.0,160.0,1,340.73,11,5
23,21,train,500.0,260.0,0.0,0.0,0.0,89.5,160.0,1,340.33,11,5
23,22,train,500.0,260.0,0.0,0.0,0.0,89.0,160.0,1,339.94,11,3
23,23,train,500.0,260.0,0.0,0.0,0.0,88.5,160.0,1,339.58,11,3
23,24,train,500.0,260.0,0.0,0.0,0.0,88.0,160.0,1,339.24,11,2
24,0,train,500.0,800.0,0.0,0.0,0.0,100.0,700.0,0,310.14,12,7
24,1,train,500.0,770.0,0.0,-30.0,30.0,99.5,670.0,0,292.85,13,7
24,2,train,500.0,740.0,0.0,-30.0,30.0,99.0,640.0,0,277.24,13,6
24,3,train,500.0,710.0,0.0,-30.0,30.0,98.5,610.0,0,263.52,13,8
24,4,train,500.0,680.0,0.0,-30.0,30.0,98.0,580.0,0,251.94,14,8
24,5,train,500.0,650.0,0.0,-30.0,30.0,97.5,550.0,0,242.59,15,9
24,6,train,500.0,620.0,0.0,-30.0,30.0,97.0,520.0,0,235.3,16,9
24,7,train,500.0,590.0,0.0,-30.0,30.0,96.5,490.0,0,229.88,16,9
24,8,train,500.0,560.0,0.0,-30.0,30.0,96.0,460.0,0,226.57,15,7
24,9,train,500.0,530.0,0.0,-30.0,30.0,95.5,430.0,0,226.65,15,8
24,10,train,500.0,500.0,0.0,-30.0,30.0,95.0,400.0,0,230.67,14,9
24,11,train,500.0,470.0,0.0,-30.0,30.0,94.5,370.0,0,237.68,14,8
24,12,train,500.0,440.0,0.0,-30.0,30.0,94.0,340.0,0,246.96,13,8
24,13,train,500.0,410.0,0.0,-30.0,30.0,93.5,310.0,0,258.14,12,9
24,14,train,500.0,380.0,0.0,-30.0,30.0,93.0,280.0,1,271.22,10,10
24,15,train,500.0,350.0,0.0,-30.0,30.0,92.5,250.0,1,286.28,10,10
24,16,train,500.0,320.0,0.0,-30.0,30.0,92.0,220.0,1,303.28,11,10
24,17,train,500.0,290.0,0.0,-30.0,30.0,91.5,190.0,1,322.09,11,9
24,18,train,500.0,260.0,0.0,-30.0,30.0,91.0,160.0,1,342.5,11,8
24,19,train,500.0,260.0,0.0,0.0,0.0,90.5,160.0,1,342.99,11,7
24,20,train,500.0,260.0,0.0,0.0,0.0,90.0,160.0,1,343.49,11,8
24,21,train,500.0,260.0,0.0,0.0,0.0,89.5,160.0,1,344.02,11,8
24,22,train,500.0,260.0,0.0,0.0,0.0,89.0,160.0,1,344.56,11,8
24,23,train,500.0,260.0,0.0,0.0,0.0,88.5,160.0,1,345.12,11,7
24,24,train,500.0,260.0,0.0,0.0,0.0,88.0,160.0,1,345.7,11,7
25,0,train,500.0,800.0,0.0,0.0,0.0,100.0,700.0,0,305.19,12,6
25,1,train,500.0,770.0,0.0,-30.0,30.0,99.5,670.0,0,284.74,14,6
25,2,train,500.0,740.0,0.0,-30.0,30.0,99.0,640.0,0,266.06,14,6
25,3,train,500.0,710.0,0.0,-30.0,30.0,98.5,610.0,0,249.24,15,6
25,4,train,500.0,680.0,0.0,-30.0,30.0,98.0,580.0,0,234.76,15,6
25,5,train,500.0,650.0,0.0,-30.0,30.0,97.5,550.0,0,223.79,16,6
25,6,train,500.0,620.0,0.0,-30.0,30.0,97.0,520.0,0,216.27,16,7
25,7,train,500.0,590.0,0.0,-30.0,30.0,96.5,490.0,0,211.82,16,8
25,8,train,500.0,560.0,0.0,-30.0,30.0,96.0,460.0,0,211.16,15,8
25,9,train,500.0,530.0,0.0,-30.0,30.0,95.5,430.0,0,215.26,14,8
25,10,train,500.0,500.0,0.0,-30.0,30.0,95.0,400.0,0,222.12,13,8
25,11,train,500.0,470.0,0.0,-30.0,30.0,94.5,370.0,0,231.98,13,8
25,12,train,500.0,440.0,0.0,-30.0,30.0,94.0,340.0,0,244.84,13,8
25,13,train,500.0,410.0,0.0,-30.0,30.0,93.5,310.0,0,259.78,12,7
25,14,train,500.0,380.0,0.0,-30.0,30.0,93.0,280.0,1,276.09,11,5
25,15,train,500.0,350.0,0.0,-30.0,30.0,92.5,250.0,1,293.45,11,6
25,16,train,500.0,320.0,0.0,-30.0,30.0,92.0,220.0,1,311.68,11,6
25,17,train,500.0,290.0,0.0,-30.0,30.0,91.5,190.0,1,330.7,10,5
25,18,train,500.0,260.0,0.0,-30.0,30.0,91.0,160.0,1,350.47,9,5
25,19,train,500.0,260.0,0.0,0.0,0.0,90.5,160.0,1,351.39,9,5
25,20,train,500.0,260.0,0.0,0.0,0.0,90.0,160.0,1,352.33,8,5
25,21,train,500.0,260.0,0.0,0.0,0.0,89.5,160.0,1,353.31,8,6
25,22,train,500.0,260.0,0.0,0.0,0.0,89.0,160.0,1,354.31,8,6
25,23,train,500.0,260.0,0.0,0.0,0.0,88.5,160.0,1,355.33,8,6
25,24,train,500.0,260.0,0.0,0.0,0.0,88.0,160.0,1,356.38,8,6
26,0,train,500.0,800.0,0.0,0.0,0.0,100.0,700.0,0,376.17,9,4
26,1,train,500.0,770.0,0.0,-30.0,30.0,99.5,670.0,0,355.97,9,5
26,2,train,500.0,740.0,0.0,-30.0,30.0,99.0,640.0,0,338.83,9,5
26,3,train,500.0,710.0,0.0,-30.0,30.0,98.5,610.0,0,323.81,9,5
26,4,train,500.0,680.0,0.0,-30.0,30.0,98.0,580.0,0,310.4,11,7
26,5,train,500.0,650.0,0.0,-30.0,30.0,97.5,550.0,0,298.55,12,7
26,6,train,500.0,620.0,0.0,-30.0,30.0,97.0,520.0,0,288.48,12,7
26,7,train,500.0,590.0,0.0,-30.0,30.0,96.5,490.0,0,280.56,13,6
26,8,train,500.0,560.0,0.0,-30.0,30.0,96.0,460.0,0,274.94,12,7
26,9,train,500.0,530.0,0.0,-30.0,30.0,95.5,430.0,0,271.32,12,6
26,10,train,500.0,500.0,0.0,-30.0,30.0,95.0,400.0,0,269.34,11,5
26,11,train,500.0,470.0,0.0,-30.0,30.0,94.5,370.0,0,268.77,11,5
26,12,train,500.0,440.0,0.0,-30.0,30.0,94.0,340.0,0,269.49,12,4
26,13,train,500.0,410.0,0.0,-30.0,30.0,93.5,310.0,0,271.49,13,4
26,14,train,500.0,380.0,0.0,-30.0,30.0,93.0,280.0,1,274.86,12,5
26,15,train,500.0,350.0,0.0,-30.0,30.0,92.5,250.0,1,279.98,12,6
26,16,train,500.0,320.0,0.0,-30.0,30.0,92.0,220.0,1,287.32,13,6
26,17,train,500.0,290.0,0.0,-30.0,30.0,91.5,190.0,1,296.58,12,5
26,18,train,500.0,260.0,0.0,-30.0,30.0,91.0,160.0,1,307.51,11,5
26,19,train,500.0,260.0,0.0,0.0,0.0,90.5,160.0,1,307.95,11,5
26,20,train,500.0,260.0,0.0,0.0,0.0,90.0,160.0,1,308.39,11,5
26,21,train,500.0,260.0,0.0,0.0,0.0,89.5,160.0,1,308.85,11,5
26,22,train,500.0,260.0,0.0,0.0,0.0,89.0,160.0,1,309.33,11,5
26,23,train,500.0,260.0,0.0,0.0,0.0,88.5,160.0,1,309.81,10,4
26,24,train,500.0,260.0,0.0,0.0,0.0,88.0,160.0,1,310.32,10,4
27,0,train,500.0,800.0,0.0,0.0,0.0,100.0,700.0,0,370.24,11,4
27,1,train,500.0,770.0,0.0,-30.0,30.0,99.5,670.0,0,352.08,11,4
27,2,train,500.0,740.0,0.0,-30.0,30.0,99.0,640.0,0,336.84,11,4
27,3,train,500.0,710.0,0.0,-30.0,30.0,98.5,610.0,0,323.93,11,3
27,4,train,500.0,680.0,0.0,-30.0,30.0,98.0,580.0,0,314.61,11,3
27,5,train,500.0,650.0,0.0,-30.0,30.0,97.5,550.0,0,307.92,11,3
27,6,train,500.0,620.0,0.0,-30.0,30.0,97.0,520.0,0,302.78,11,3
27,7,train,500.0,590.0,0.0,-30.0,30.0,96.5,490.0,0,299.31,11,3
27,8,train,500.0,560.0,0.0,-30.0,30.0,96.0,460.0,0,297.56,10,3
27,9,train,500.0,530.0,0.0,-30.0,30.0,95.5,430.0,0,297.3,11,3
27,10,train,500.0,500.0,0.0,-30.0,30.0,95.0,400.0,0,298.21,9,3
27,11,train,500.0,470.0,0.0,-30.0,30.0,94.5,370.0,0,300.03,10,3
27,12,train,500.0,440.0,0.0,-30.0,30.0,94.0,340.0,0,302.61,9,2
27,13,train,500.0,410.0,0.0,-30.0,30.0,93.5,310.0,0,305.93,9,3
27,14,train,500.0,380.0,0.0,-30.0,30.0,93.0,280.0,1,310.05,10,3
27,15,train,500.0,350.0,0.0,-30.0,30.0,92.5,250.0,1,315.2,9,3
27,16,train,500.0,320.0,0.0,-30.0,30.0,92.0,220.0,1,321.68,10,3
27,17,train,500.0,290.0,0.0,-30.0,30.0,91.5,190.0,1,329.66,10,2
27,18,train,500.0,260.0,0.0,-30.0,30.0,91.0,160.0,1,339.13,9,2
27,19,train,500.0,260.0,0.0,0.0,0.0,90.5,160.0,1,339.5,9,3
27,20,train,500.0,260.0,0.0,0.0,0.0,90.0,160.0,1,339.89,9,3
27,21,train,500.0,260.0,0.0,0.0,0.0,89.5,160.0,1,340.32,9,3
27,22,train,500.0,260.0,0.0,0.0,0.0,89.0,160.0,1,340.77,9,3
27,23,train,500.0,260.0,0.0,0.0,0.0,88.5,160.0,1,341.25,9,3
27,24,train,500.0,260.0,0.0,0.0,0.0,88.0,160.0,1,341.75,9,3
28,0,train,500.0,800.0,0.0,0.0,0.0,100.0,700.0,0,396.15,8,4
28,1,train,500.0,770.0,0.0,-30.0,30.0,99.5,670.0,0,377.55,8,3
28,2,train,500.0,740.0,0.0,-30.0,30.0,99.0,640.0,0,360.22,8,3
28,3,train,500.0,710.0,0.0,-30.0,30.0,98.5,610.0,0,344.04,8,4
28,4,train,500.0,680.0,0.0,-30.0,30.0,98.0,580.0,0,328.94,9,5
28,5,train,500.0,650.0,0.0,-30.0,30.0,97.5,550.0,0,314.84,12,5
28,6,train,500.0,620.0,0.0,-30.0,30.0,97.0,520.0,0,301.74,13,6
28,7,train,500.0,590.0,0.0,-30.0,30.0,96.5,490.0,0,289.63,10,6
28,8,train,500.0,560.0,0.0,-30.0,30.0,96.0,460.0,0,278.88,12,6
28,9,train,500.0,530.0,0.0,-30.0,30.0,95.5,430.0,0,270.99,11,5
28,10,train,500.0,500.0,0.0,-30.0,30.0,95.0,400.0,0,264.42,10,6
28,11,train,500.0,470.0,0.0,-30.0,30.0,94.5,370.0,0,258.78,12,6
28,12,train,500.0,440.0,0.0,-30.0,30.0,94.0,340.0,0,254.11,13,8
28,13,train,500.0,410.0,0.0,-30.0,30.0,93.5,310.0,0,250.59,14,9
28,14,train,500.0,380.0,0.0,-30.0,30.0,93.0,280.0,1,248.75,14,8
28,15,train,500.0,350.0,0.0,-30.0,30.0,92.5,250.0,1,251.84,14,7
28,16,train,500.0,320.0,0.0,-30.0,30.0,92.0,220.0,1,258.8,15,7
28,17,train,500.0,290.0,0.0,-30.0,30.0,91.5,190.0,1,269.12,13,6
28,18,train,500.0,260.0,0.0,-30.0,30.0,91.0,160.0,1,281.64,13,6
28,19,train,500.0,260.0,0.0,0.0,0.0,90.5,160.0,1,281.43,13,6
28,20,train,500.0,260.0,0.0,0.0,0.0,90.0,160.0,1,281.24,13,6
28,21,train,500.0,260.0,0.0,0.0,0.0,89.5,160.0,1,281.08,13,6
28,22,train,500.0,260.0,0.0,0.0,0.0,89.0,160.0,1,280.94,13,6
28,23,train,500.0,260.0,0.0,0.0,0.0,88.5,160.0,1,280.82,13,6
28,24,train,500.0,260.0,0.0,0.0,0.0,88.0,160.0,1,280.73,13,6
29,0,train,500.0,800.0,0.0,0.0,0.0,100.0,700.0,0,303.42,10,5
29,1,train,500.0,770.0,0.0,-30.0,30.0,99.5,670.0,0,286.51,10,4
29,2,train,500.0,740.0,0.0,-30.0,30.0,99.0,640.0,0,271.33,11,4
29,3,train,500.0,710.0,0.0,-30.0,30.0,98.5,610.0,0,257.97,12,4
29,4,train,500.0,680.0,0.0,-30.0,30.0,98.0,580.0,0,247.63,13,4
29,5,train,500.0,650.0,0.0,-30.0,30.0,97.5,550.0,0,239.93,14,5
29,6,train,500.0,620.0,0.0,-30.0,30.0,97.0,520.0,0,236.45,16,6
29,7,train,500.0,590.0,0.0,-30.0,30.0,96.5,490.0,0,235.24,15,6
29,8,train,500.0,560.0,0.0,-30.0,30.0,96.0,460.0,0,235.18,14,5
29,9,train,500.0,530.0,0.0,-30.0,30.0,95.5,430.0,0,236.11,14,3
29,10,train,500.0,500.0,0.0,-30.0,30.0,95.0,400.0,0,238.14,12,3
29,11,train,500.0,470.0,0.0,-30.0,30.0,94.5,370.0,0,241.62,14,4
29,12,train,500.0,440.0,0.0,-30.0,30.0,94.0,340.0,0,247.3,14,4
29,13,train,500.0,410.0,0.0,-30.0,30.0,93.5,310.0,0,256.15,14,4
29,14,train,500.0,380.0,0.0,-30.0,30.0,93.0,280.0,1,268.31,13,4
29,15,train,500.0,350.0,0.0,-30.0,30.0,92.5,250.0,1,283.33,12,4
29,16,train,500.0,320.0,0.0,-30.0,30.0,92.0,220.0,1,300.8,11,4
29,17,train,500.0,290.0,0.0,-30.0,30.0,91.5,190.0,1,320.33,10,3
29,18,train,500.0,260.0,0.0,-30.0,30.0,91.0,160.0,1,341.56,10,3
29,19,train,500.0,260.0,0.0,0.0,0.0,90.5,160.0,1,342.19,10,4
29,20,train,500.0,260.0,0.0,0.0,0.0,90.0,160.0,1,342.83,10,4
29,21,train,500.0,260.0,0.0,0.0,0.0,89.5,160.0,1,343.49,10,4
29,22,train,500.0,260.0,0.0,0.0,0.0,89.0,160.0,1,344.18,10,4
29,23,train,500.0,260.0,0.0,0.0,0.0,88.5,160.0,1,344.87,10,4
29,24,train,500.0,260.0,0.0,0.0,0.0,88.0,160.0,1,345.59,10,4
30,0,train,500.0,800.0,0.0,0.0,0.0,100.0,700.0,0,321.63,11,6
30,1,train,500.0,770.0,0.0,-30.0,30.0,99.5,670.0,0,302.12,12,4
30,2,train,500.0,740.0,0.0,-30.0,30.0,99.0,640.0,0,285.03,13,3
30,3,train,500.0,710.0,0.0,-30.0,30.0,98.5,610.0,0,269.19,15,3
30,4,train,500.0,680.0,0.0,-30.0,30.0,98.0,580.0,0,254.63,15,4
30,5,train,500.0,650.0,0.0,-30.0,30.0,97.5,550.0,0,241.59,16,4
30,6,train,500.0,620.0,0.0,-30.0,30.0,97.0,520.0,0,230.48,16,4
30,7,train,500.0,590.0,0.0,-30.0,30.0,96.5,490.0,0,221.85,15,5
30,8,train,500.0,560.0,0.0,-30.0,30.0,96.0,460.0,0,216.32,15,5
30,9,train,500.0,530.0,0.0,-30.0,30.0,95.5,430.0,0,214.36,14,5
30,10,train,500.0,500.0,0.0,-30.0,30.0,95.0,400.0,0,215.98,13,5
30,11,train,500.0,470.0,0.0,-30.0,30.0,94.5,370.0,0,220.73,13,5
30,12,train,500.0,440.0,0.0,-30.0,30.0,94.0,340.0,0,228.42,16,5
30,13,train,500.0,410.0,0.0,-30.0,30.0,93.5,310.0,0,239.0,15,4
30,14,train,500.0,380.0,0.0,-30.0,30.0,93.0,280.0,1,252.28,15,4
30,15,train,500.0,350.0,0.0,-30.0,30.0,92.5,250.0,1,267.56,14,4
30,16,train,500.0,320.0,0.0,-30.0,30.0,92.0,220.0,1,284.08,13,4
30,17,train,500.0,290.0,0.0,-30.0,30.0,91.5,190.0,1,301.54,13,3
30,18,train,500.0,260.0,0.0,-30.0,30.0,91.0,160.0,1,319.91,10,3
30,19,train,500.0,260.0,0.0,0.0,0.0,90.5,160.0,1,320.83,11,3
30,20,train,500.0,260.0,0.0,0.0,0.0,90.0,160.0,1,321.77,11,4
30,21,train,500.0,260.0,0.0,0.0,0.0,89.5,160.0,1,322.73,11,4
30,22,train,500.0,260.0,0.0,0.0,0.0,89.0,160.0,1,323.71,11,5
30,23,train,500.0,260.0,0.0,0.0,0.0,88.5,160.0,1,324.71,11,5
30,24,train,500.0,260.0,0.0,0.0,0.0,88.0,160.0,1,325.73,11,5
31,0,train,500.0,800.0,0.0,0.0,0.0,100.0,700.0,0,396.51,8,4
31,1,train,500.0,770.0,0.0,-30.0,30.0,99.5,670.0,0,374.36,8,5
31,2,train,500.0,740.0,0.0,-30.0,30.0,99.0,640.0,0,354.08,8,5
31,3,train,500.0,710.0,0.0,-30.0,30.0,98.5,610.0,0,335.88,9,5
31,4,train,500.0,680.0,0.0,-30.0,30.0,98.0,580.0,0,320.03,10,5
31,5,train,500.0,650.0,0.0,-30.0,30.0,97.5,550.0,0,306.27,11,5
31,6,train,500.0,620.0,0.0,-30.0,30.0,97.0,520.0,0,294.72,11,5
31,7,train,500.0,590.0,0.0,-30.0,30.0,96.5,490.0,0,285.59,12,5
31,8,train,500.0,560.0,0.0,-30.0,30.0,96.0,460.0,0,278.23,12,5
31,9,train,500.0,530.0,0.0,-30.0,30.0,95.5,430.0,0,272.13,13,5
31,10,train,500.0,500.0,0.0,-30.0,30.0,95.0,400.0,0,267.24,13,6
31,11,train,500.0,470.0,0.0,-30.0,30.0,94.5,370.0,0,263.89,12,6
31,12,train,500.0,440.0,0.0,-30.0,30.0,94.0,340.0,0,263.16,11,6
31,13,train,500.0,410.0,0.0,-30.0,30.0,93.5,310.0,0,264.71,12,7
31,14,train,500.0,380.0,0.0,-30.0,30.0,93.0,280.0,1,267.91,11,5
31,15,train,500.0,350.0,0.0,-30.0,30.0,92.5,250.0,1,272.66,13,5
31,16,train,500.0,320.0,0.0,-30.0,30.0,92.0,220.0,1,279.0,13,5
31,17,train,500.0,290.0,0.0,-30.0,30.0,91.5,190.0,1,287.15,12,3
31,18,train,500.0,260.0,0.0,-30.0,30.0,91.0,160.0,1,297.41,12,4
31,19,train,500.0,260.0,0.0,0.0,0.0,90.5,160.0,1,298.03,12,3
31,20,train,500.0,260.0,0.0,0.0,0.0,90.0,160.0,1,298.67,12,3
31,21,train,500.0,260.0,0.0,0.0,0.0,89.5,160.0,1,299.34,12,3
31,22,train,500.0,260.0,0.0,0.0,0.0,89.0,160.0,1,300.04,12,4
31,23,train,500.0,260.0,0.0,0.0,0.0,88.5,160.0,1,300.77,12,3
31,24,train,500.0,260.0,0.0,0.0,0.0,88.0,160.0,1,301.52,12,3
32,0,train,500.0,800.0,0.0,0.0,0.0,100.0,700.0,0,362.72,9,6
32,1,train,500.0,770.0,0.0,-30.0,30.0,99.5,670.0,0,343.02,9,4
32,2,train,500.0,740.0,0.0,-30.0,30.0,99.0,640.0,0,325.04,9,3
32,3,train,500.0,710.0,0.0,-30.0,30.0,98.5,610.0,0,311.2,11,4
32,4,train,500.0,680.0,0.0,-30.0,30.0,98.0,580.0,0,300.09,11,4
32,5,train,500.0,650.0,0.0,-30.0,30.0,97.5,550.0,0,290.06,11,4
32,6,train,500.0,620.0,0.0,-30.0,30.0,97.0,520.0,0,281.07,11,5
32,7,train,500.0,590.0,0.0,-30.0,30.0,96.5,490.0,0,273.32,11,4
32,8,train,500.0,560.0,0.0,-30.0,30.0,96.0,460.0,0,267.13,12,4
32,9,train,500.0,530.0,0.0,-30.0,30.0,95.5,430.0,0,262.92,11,5
32,10,train,500.0,500.0,0.0,-30.0,30.0,95.0,400.0,0,260.78,13,5
32,11,train,500.0,470.0,0.0,-30.0,30.0,94.5,370.0,0,260.33,13,5
32,12,train,500.0,440.0,0.0,-30.0,30.0,94.0,340.0,0,261.4,13,7
32,13,train,500.0,410.0,0.0,-30.0,30.0,93.5,310.0,0,264.02,13,6
32,14,train,500.0,380.0,0.0,-30.0,30.0,93.0,280.0,1,268.26,13,6
32,15,train,500.0,350.0,0.0,-30.0,30.0,92.5,250.0,1,274.14,14,6
32,16,train,500.0,320.0,0.0,-30.0,30.0,92.0,220.0,1,281.71,13,6
32,17,train,500.0,290.0,0.0,-30.0,30.0,91.5,190.0,1,291.11,13,5
32,18,train,500.0,260.0,0.0,-30.0,30.0,91.0,160.0,1,302.57,11,5
32,19,train,500.0,260.0,0.0,0.0,0.0,90.5,160.0,1,302.6,11,5
32,20,train,500.0,260.0,0.0,0.0,0.0,90.0,160.0,1,302.65,11,5
32,21,train,500.0,260.0,0.0,0.0,0.0,89.5,160.0,1,302.74,11,6
32,22,train,500.0,260.0,0.0,0.0,0.0,89.0,160.0,1,302.86,11,6
32,23,train,500.0,260.0,0.0,0.0,0.0,88.5,160.0,1,303.01,11,6
32,24,train,500.0,260.0,0.0,0.0,0.0,88.0,160.0,1,303.19,11,6
33,0,train,500.0,800.0,0.0,0.0,0.0,100.0,700.0,0,319.99,10,5
33,1,train,500.0,770.0,0.0,-30.0,30.0,99.5,670.0,0,297.79,12,4
33,2,train,500.0,740.0,0.0,-30.0,30.0,99.0,640.0,0,278.68,12,4
33,3,train,500.0,710.0,0.0,-30.0,30.0,98.5,610.0,0,265.56,14,5
33,4,train,500.0,680.0,0.0,-30.0,30.0,98.0,580.0,0,253.88,15,5
33,5,train,500.0,650.0,0.0,-30.0,30.0,97.5,550.0,0,243.6,15,5
33,6,train,500.0,620.0,0.0,-30.0,30.0,97.0,520.0,0,234.85,15,4
33,7,train,500.0,590.0,0.0,-30.0,30.0,96.5,490.0,0,228.2,17,5
33,8,train,500.0,560.0,0.0,-30.0,30.0,96.0,460.0,0,225.01,16,6
33,9,train,500.0,530.0,0.0,-30.0,30.0,95.5,430.0,0,226.16,15,8
33,10,train,500.0,500.0,0.0,-30.0,30.0,95.0,400.0,0,230.61,15,9
33,11,train,500.0,470.0,0.0,-30.0,30.0,94.5,370.0,0,237.49,12,7
33,12,train,500.0,440.0,0.0,-30.0,30.0,94.0,340.0,0,246.36,11,8
33,13,train,500.0,410.0,0.0,-30.0,30.0,93.5,310.0,0,256.95,12,8
33,14,train,500.0,380.0,0.0,-30.0,30.0,93.0,280.0,1,269.54,12,7
33,15,train,500.0,350.0,0.0,-30.0,30.0,92.5,250.0,1,284.8,12,7
33,16,train,500.0,320.0,0.0,-30.0,30.0,92.0,220.0,1,301.66,12,7
33,17,train,500.0,290.0,0.0,-30.0,30.0,91.5,190.0,1,319.69,11,6
33,18,train,500.0,260.0,0.0,-30.0,30.0,91.0,160.0,1,338.85,10,6
33,19,train,500.0,260.0,0.0,0.0,0.0,90.5,160.0,1,339.78,10,7
33,20,train,500.0,260.0,0.0,0.0,0.0,90.0,160.0,1,340.74,10,7
33,21,train,500.0,260.0,0.0,0.0,0.0,89.5,160.0,1,341.73,9,7
33,22,train,500.0,260.0,0.0,0.0,0.0,89.0,160.0,1,342.75,9,7
33,23,train,500.0,260.0,0.0,0.0,0.0,88.5,160.0,1,343.79,10,7
33,24,train,500.0,260.0,0.0,0.0,0.0,88.0,160.0,1,344.86,10,7
34,0,train,500.0,800.0,0.0,0.0,0.0,100.0,700.0,0,414.31,8,5
34,1,train,500.0,770.0,0.0,-30.0,30.0,99.5,670.0,0,392.89,8,6
34,2,train,500.0,740.0,0.0,-30.0,30.0,99.0,640.0,0,373.05,9,6
34,3,train,500.0,710.0,0.0,-30.0,30.0,98.5,610.0,0,355.02,9,6
34,4,train,500.0,680.0,0.0,-30.0,30.0,98.0,580.0,0,338.91,9,5
34,5,train,500.0,650.0,0.0,-30.0,30.0,97.5,550.0,0,324.52,8,4
34,6,train,500.0,620.0,0.0,-30.0,30.0,97.0,520.0,0,311.76,6,4
34,7,train,500.0,590.0,0.0,-30.0,30.0,96.5,490.0,0,300.69,8,5
34,8,train,500.0,560.0,0.0,-30.0,30.0,96.0,460.0,0,291.15,9,4
34,9,train,500.0,530.0,0.0,-30.0,30.0,95.5,430.0,0,282.92,11,4
34,10,train,500.0,500.0,0.0,-30.0,30.0,95.0,400.0,0,275.91,11,5
34,11,train,500.0,470.0,0.0,-30.0,30.0,94.5,370.0,0,270.09,14,5
34,12,train,500.0,440.0,0.0,-30.0,30.0,94.0,340.0,0,265.44,15,4
34,13,train,500.0,410.0,0.0,-30.0,30.0,93.5,310.0,0,261.95,15,4
34,14,train,500.0,380.0,0.0,-30.0,30.0,93.0,280.0,1,259.73,14,5
34,15,train,500.0,350.0,0.0,-30.0,30.0,92.5,250.0,1,259.12,14,5
34,16,train,500.0,320.0,0.0,-30.0,30.0,92.0,220.0,1,261.77,14,6
34,17,train,500.0,290.0,0.0,-30.0,30.0,91.5,190.0,1,269.1,13,6
34,18,train,500.0,260.0,0.0,-30.0,30.0,91.0,160.0,1,279.81,12,6
34,19,train,500.0,260.0,0.0,0.0,0.0,90.5,160.0,1,280.06,11,6
34,20,train,500.0,260.0,0.0,0.0,0.0,90.0,160.0,1,280.33,11,6
34,21,train,500.0,260.0,0.0,0.0,0.0,89.5,160.0,1,280.64,11,6
34,22,train,500.0,260.0,0.0,0.0,0.0,89.0,160.0,1,280.98,11,7
34,23,train,500.0,260.0,0.0,0.0,0.0,88.5,160.0,1,281.35,11,7
34,24,train,500.0,260.0,0.0,0.0,0.0,88.0,160.0,1,281.76,11,7
35,0,val,500.0,800.0,0.0,0.0,0.0,100.0,700.0,0,256.21,14,7
35,1,val,500.0,770.0,0.0,-30.0,30.0,99.5,670.0,0,237.9,14,6
35,2,val,500.0,740.0,0.0,-30.0,30.0,99.0,640.0,0,223.03,15,5
35,3,val,500.0,710.0,0.0,-30.0,30.0,98.5,610.0,0,212.64,15,6
35,4,val,500.0,680.0,0.0,-30.0,30.0,98.0,580.0,0,205.03,16,6
35,5,val,500.0,650.0,0.0,-30.0,30.0,97.5,550.0,0,199.89,17,6
35,6,val,500.0,620.0,0.0,-30.0,30.0,97.0,520.0,0,197.66,17,7
35,7,val,500.0,590.0,0.0,-30.0,30.0,96.5,490.0,0,199.86,17,8
35,8,val,500.0,560.0,0.0,-30.0,30.0,96.0,460.0,0,204.88,17,8
35,9,val,500.0,530.0,0.0,-30.0,30.0,95.5,430.0,0,213.38,17,7
35,10,val,500.0,500.0,0.0,-30.0,30.0,95.0,400.0,0,224.0,14,7
35,11,val,500.0,470.0,0.0,-30.0,30.0,94.5,370.0,0,236.04,14,7
35,12,val,500.0,440.0,0.0,-30.0,30.0,94.0,340.0,0,249.19,13,6
35,13,val,500.0,410.0,0.0,-30.0,30.0,93.5,310.0,0,263.41,11,6
35,14,val,500.0,380.0,0.0,-30.0,30.0,93.0,280.0,1,278.91,10,5
35,15,val,500.0,350.0,0.0,-30.0,30.0,92.5,250.0,1,295.93,10,5
35,16,val,500.0,320.0,0.0,-30.0,30.0,92.0,220.0,1,314.57,9,5
35,17,val,500.0,290.0,0.0,-30.0,30.0,91.5,190.0,1,334.95,8,4
35,18,val,500.0,260.0,0.0,-30.0,30.0,91.0,160.0,1,356.9,6,4
35,19,val,500.0,260.0,0.0,0.0,0.0,90.5,160.0,1,356.24,6,4
35,20,val,500.0,260.0,0.0,0.0,0.0,90.0,160.0,1,355.6,6,4
35,21,val,500.0,260.0,0.0,0.0,0.0,89.5,160.0,1,354.98,6,4
35,22,val,500.0,260.0,0.0,0.0,0.0,89.0,160.0,1,354.37,6,5
35,23,val,500.0,260.0,0.0,0.0,0.0,88.5,160.0,1,353.78,6,5
35,24,val,500.0,260.0,0.0,0.0,0.0,88.0,160.0,1,353.21,6,6
36,0,val,500.0,800.0,0.0,0.0,0.0,100.0,700.0,0,366.7,6,4
36,1,val,500.0,770.0,0.0,-30.0,30.0,99.5,670.0,0,341.4,6,4
36,2,val,500.0,740.0,0.0,-30.0,30.0,99.0,640.0,0,317.11,10,4
36,3,val,500.0,710.0,0.0,-30.0,30.0,98.5,610.0,0,293.93,12,4
36,4,val,500.0,680.0,0.0,-30.0,30.0,98.0,580.0,0,271.98,14,4
36,5,val,500.0,650.0,0.0,-30.0,30.0,97.5,550.0,0,251.43,16,3
36,6,val,500.0,620.0,0.0,-30.0,30.0,97.0,520.0,0,232.59,16,4
36,7,val,500.0,590.0,0.0,-30.0,30.0,96.5,490.0,0,215.98,16,4
36,8,val,500.0,560.0,0.0,-30.0,30.0,96.0,460.0,0,201.62,16,3
36,9,val,500.0,530.0,0.0,-30.0,30.0,95.5,430.0,0,189.34,16,4
36,10,val,500.0,500.0,0.0,-30.0,30.0,95.0,400.0,0,179.31,16,4
36,11,val,500.0,470.0,0.0,-30.0,30.0,94.5,370.0,0,172.4,18,5
36,12,val,500.0,440.0,0.0,-30.0,30.0,94.0,340.0,0,170.24,18,5
36,13,val,500.0,410.0,0.0,-30.0,30.0,93.5,310.0,0,173.11,18,4
36,14,val,500.0,380.0,0.0,-30.0,30.0,93.0,280.0,1,180.76,18,4
36,15,val,500.0,350.0,0.0,-30.0,30.0,92.5,250.0,1,191.72,17,4
36,16,val,500.0,320.0,0.0,-30.0,30.0,92.0,220.0,1,204.55,15,4
36,17,val,500.0,290.0,0.0,-30.0,30.0,91.5,190.0,1,218.68,15,3
36,18,val,500.0,260.0,0.0,-30.0,30.0,91.0,160.0,1,233.89,15,3
36,19,val,500.0,260.0,0.0,0.0,0.0,90.5,160.0,1,233.37,15,3
36,20,val,500.0,260.0,0.0,0.0,0.0,90.0,160.0,1,232.87,15,3
36,21,val,500.0,260.0,0.0,0.0,0.0,89.5,160.0,1,232.38,15,3
36,22,val,500.0,260.0,0.0,0.0,0.0,89.0,160.0,1,231.92,15,3
36,23,val,500.0,260.0,0.0,0.0,0.0,88.5,160.0,1,231.47,15,3
36,24,val,500.0,260.0,0.0,0.0,0.0,88.0,160.0,1,231.04,15,3
37,0,val,500.0,800.0,0.0,0.0,0.0,100.0,700.0,0,272.37,13,4
37,1,val,500.0,770.0,0.0,-30.0,30.0,99.5,670.0,0,252.57,14,5
37,2,val,500.0,740.0,0.0,-30.0,30.0,99.0,640.0,0,234.38,16,5
37,3,val,500.0,710.0,0.0,-30.0,30.0,98.5,610.0,0,218.25,16,5
37,4,val,500.0,680.0,0.0,-30.0,30.0,98.0,580.0,0,204.88,17,5
37,5,val,500.0,650.0,0.0,-30.0,30.0,97.5,550.0,0,194.68,17,6
37,6,val,500.0,620.0,0.0,-30.0,30.0,97.0,520.0,0,187.75,17,6
37,7,val,500.0,590.0,0.0,-30.0,30.0,96.5,490.0,0,184.39,17,6
37,8,val,500.0,560.0,0.0,-30.0,30.0,96.0,460.0,0,184.88,16,6
37,9,val,500.0,530.0,0.0,-30.0,30.0,95.5,430.0,0,189.29,17,5
37,10,val,500.0,500.0,0.0,-30.0,30.0,95.0,400.0,0,197.3,17,4
37,11,val,500.0,470.0,0.0,-30.0,30.0,94.5,370.0,0,208.35,16,4
37,12,val,500.0,440.0,0.0,-30.0,30.0,94.0,340.0,0,221.97,15,4
37,13,val,500.0,410.0,0.0,-30.0,30.0,93.5,310.0,0,238.1,15,3
37,14,val,500.0,380.0,0.0,-30.0,30.0,93.0,280.0,1,256.87,15,3
37,15,val,500.0,350.0,0.0,-30.0,30.0,92.5,250.0,1,277.5,13,4
37,16,val,500.0,320.0,0.0,-30.0,30.0,92.0,220.0,1,299.54,13,4
37,17,val,500.0,290.0,0.0,-30.0,30.0,91.5,190.0,1,322.78,9,4
37,18,val,500.0,260.0,0.0,-30.0,30.0,91.0,160.0,1,347.04,8,3
37,19,val,500.0,260.0,0.0,0.0,0.0,90.5,160.0,1,347.52,8,3
37,20,val,500.0,260.0,0.0,0.0,0.0,90.0,160.0,1,348.01,8,3
37,21,val,500.0,260.0,0.0,0.0,0.0,89.5,160.0,1,348.51,7,4
37,22,val,500.0,260.0,0.0,0.0,0.0,89.0,160.0,1,349.03,7,4
37,23,val,500.0,260.0,0.0,0.0,0.0,88.5,160.0,1,349.55,7,5
37,24,val,500.0,260.0,0.0,0.0,0.0,88.0,160.0,1,350.09,7,7
38,0,val,500.0,800.0,0.0,0.0,0.0,100.0,700.0,0,362.47,9,6
38,1,val,500.0,770.0,0.0,-30.0,30.0,99.5,670.0,0,343.38,9,6
38,2,val,500.0,740.0,0.0,-30.0,30.0,99.0,640.0,0,326.0,10,6
38,3,val,500.0,710.0,0.0,-30.0,30.0,98.5,610.0,0,310.47,11,6
38,4,val,500.0,680.0,0.0,-30.0,30.0,98.0,580.0,0,296.96,12,5
38,5,val,500.0,650.0,0.0,-30.0,30.0,97.5,550.0,0,285.45,12,6
38,6,val,500.0,620.0,0.0,-30.0,30.0,97.0,520.0,0,275.51,14,6
38,7,val,500.0,590.0,0.0,-30.0,30.0,96.5,490.0,0,266.84,13,6
38,8,val,500.0,560.0,0.0,-30.0,30.0,96.0,460.0,0,259.34,12,6
38,9,val,500.0,530.0,0.0,-30.0,30.0,95.5,430.0,0,253.06,13,6
38,10,val,500.0,500.0,0.0,-30.0,30.0,95.0,400.0,0,248.19,11,6
38,11,val,500.0,470.0,0.0,-30.0,30.0,94.5,370.0,0,246.57,12,6
38,12,val,500.0,440.0,0.0,-30.0,30.0,94.0,340.0,0,248.44,12,5
38,13,val,500.0,410.0,0.0,-30.0,30.0,93.5,310.0,0,252.76,12,5
38,14,val,500.0,380.0,0.0,-30.0,30.0,93.0,280.0,1,259.43,12,6
38,15,val,500.0,350.0,0.0,-30.0,30.0,92.5,250.0,1,268.7,13,6
38,16,val,500.0,320.0,0.0,-30.0,30.0,92.0,220.0,1,281.04,13,5
38,17,val,500.0,290.0,0.0,-30.0,30.0,91.5,190.0,1,296.38,13,4
38,18,val,500.0,260.0,0.0,-30.0,30.0,91.0,160.0,1,314.16,11,5
38,19,val,500.0,260.0,0.0,0.0,0.0,90.5,160.0,1,314.93,11,5
38,20,val,500.0,260.0,0.0,0.0,0.0,90.0,160.0,1,315.73,11,5
38,21,val,500.0,260.0,0.0,0.0,0.0,89.5,160.0,1,316.54,11,5
38,22,val,500.0,260.0,0.0,0.0,0.0,89.0,160.0,1,317.37,11,5
38,23,val,500.0,260.0,0.0,0.0,0.0,88.5,160.0,1,318.23,11,3
38,24,val,500.0,260.0,0.0,0.0,0.0,88.0,160.0,1,319.1,11,3
39,0,val,500.0,800.0,0.0,0.0,0.0,100.0,700.0,0,292.22,10,5
39,1,val,500.0,770.0,0.0,-30.0,30.0,99.5,670.0,0,271.16,12,4
39,2,val,500.0,740.0,0.0,-30.0,30.0,99.0,640.0,0,251.75,12,3
39,3,val,500.0,710.0,0.0,-30.0,30.0,98.5,610.0,0,234.77,14,4
39,4,val,500.0,680.0,0.0,-30.0,30.0,98.0,580.0,0,220.79,16,4
39,5,val,500.0,650.0,0.0,-30.0,30.0,97.5,550.0,0,208.35,16,3
39,6,val,500.0,620.0,0.0,-30.0,30.0,97.0,520.0,0,197.74,17,3
39,7,val,500.0,590.0,0.0,-30.0,30.0,96.5,490.0,0,190.25,17,3
39,8,val,500.0,560.0,0.0,-30.0,30.0,96.0,460.0,0,186.27,19,3
39,9,val,500.0,530.0,0.0,-30.0,30.0,95.5,430.0,0,184.86,19,3
39,10,val,500.0,500.0,0.0,-30.0,30.0,95.0,400.0,0,186.59,19,4
39,11,val,500.0,470.0,0.0,-30.0,30.0,94.5,370.0,0,192.37,16,4
39,12,val,500.0,440.0,0.0,-30.0,30.0,94.0,340.0,0,200.78,15,3
39,13,val,500.0,410.0,0.0,-30.0,30.0,93.5,310.0,0,211.87,15,3
39,14,val,500.0,380.0,0.0,-30.0,30.0,93.0,280.0,1,226.05,13,3
39,15,val,500.0,350.0,0.0,-30.0,30.0,92.5,250.0,1,244.13,13,4
39,16,val,500.0,320.0,0.0,-30.0,30.0,92.0,220.0,1,264.86,13,4
39,17,val,500.0,290.0,0.0,-30.0,30.0,91.5,190.0,1,286.9,11,4
39,18,val,500.0,260.0,0.0,-30.0,30.0,91.0,160.0,1,310.02,11,4
39,19,val,500.0,260.0,0.0,0.0,0.0,90.5,160.0,1,309.85,11,5
39,20,val,500.0,260.0,0.0,0.0,0.0,90.0,160.0,1,309.74,11,5
39,21,val,500.0,260.0,0.0,0.0,0.0,89.5,160.0,1,309.69,11,4
39,22,val,500.0,260.0,0.0,0.0,0.0,89.0,160.0,1,309.68,10,3
39,23,val,500.0,260.0,0.0,0.0,0.0,88.5,160.0,1,309.73,10,3
39,24,val,500.0,260.0,0.0,0.0,0.0,88.0,160.0,1,309.81,10,3
40,0,val,500.0,800.0,0.0,0.0,0.0,100.0,700.0,0,286.25,12,7
40,1,val,500.0,770.0,0.0,-30.0,30.0,99.5,670.0,0,270.94,13,7
40,2,val,500.0,740.0,0.0,-30.0,30.0,99.0,640.0,0,257.32,14,6
40,3,val,500.0,710.0,0.0,-30.0,30.0,98.5,610.0,0,245.64,14,6
40,4,val,500.0,680.0,0.0,-30.0,30.0,98.0,580.0,0,236.26,16,6
40,5,val,500.0,650.0,0.0,-30.0,30.0,97.5,550.0,0,229.65,16,6
40,6,val,500.0,620.0,0.0,-30.0,30.0,97.0,520.0,0,227.06,16,4
40,7,val,500.0,590.0,0.0,-30.0,30.0,96.5,490.0,0,228.02,14,5
40,8,val,500.0,560.0,0.0,-30.0,30.0,96.0,460.0,0,231.45,14,4
40,9,val,500.0,530.0,0.0,-30.0,30.0,95.5,430.0,0,238.88,13,4
40,10,val,500.0,500.0,0.0,-30.0,30.0,95.0,400.0,0,248.45,13,4
40,11,val,500.0,470.0,0.0,-30.0,30.0,94.5,370.0,0,259.49,12,4
40,12,val,500.0,440.0,0.0,-30.0,30.0,94.0,340.0,0,271.95,12,5
40,13,val,500.0,410.0,0.0,-30.0,30.0,93.5,310.0,0,285.86,13,6
40,14,val,500.0,380.0,0.0,-30.0,30.0,93.0,280.0,1,301.36,12,5
40,15,val,500.0,350.0,0.0,-30.0,30.0,92.5,250.0,1,318.77,10,6
40,16,val,500.0,320.0,0.0,-30.0,30.0,92.0,220.0,1,337.75,9,6
40,17,val,500.0,290.0,0.0,-30.0,30.0,91.5,190.0,1,357.72,8,5
40,18,val,500.0,260.0,0.0,-30.0,30.0,91.0,160.0,1,378.44,8,5
40,19,val,500.0,260.0,0.0,0.0,0.0,90.5,160.0,1,379.72,8,5
40,20,val,500.0,260.0,0.0,0.0,0.0,90.0,160.0,1,381.03,8,4
40,21,val,500.0,260.0,0.0,0.0,0.0,89.5,160.0,1,382.36,8,4
40,22,val,500.0,260.0,0.0,0.0,0.0,89.0,160.0,1,383.7,8,3
40,23,val,500.0,260.0,0.0,0.0,0.0,88.5,160.0,1,385.06,8,3
40,24,val,500.0,260.0,0.0,0.0,0.0,88.0,160.0,1,386.44,8,3
41,0,val,500.0,800.0,0.0,0.0,0.0,100.0,700.0,0,368.86,7,3
41,1,val,500.0,770.0,0.0,-30.0,30.0,99.5,670.0,0,342.15,9,3
41,2,val,500.0,740.0,0.0,-30.0,30.0,99.0,640.0,0,316.39,10,3
41,3,val,500.0,710.0,0.0,-30.0,30.0,98.5,610.0,0,291.89,11,4
41,4,val,500.0,680.0,0.0,-30.0,30.0,98.0,580.0,0,269.1,12,5
41,5,val,500.0,650.0,0.0,-30.0,30.0,97.5,550.0,0,249.58,13,5
41,6,val,500.0,620.0,0.0,-30.0,30.0,97.0,520.0,0,234.1,13,7
41,7,val,500.0,590.0,0.0,-30.0,30.0,96.5,490.0,0,221.7,14,6
41,8,val,500.0,560.0,0.0,-30.0,30.0,96.0,460.0,0,212.19,16,6
41,9,val,500.0,530.0,0.0,-30.0,30.0,95.5,430.0,0,205.39,18,6
41,10,val,500.0,500.0,0.0,-30.0,30.0,95.0,400.0,0,200.75,17,5
41,11,val,500.0,470.0,0.0,-30.0,30.0,94.5,370.0,0,198.29,18,5
41,12,val,500.0,440.0,0.0,-30.0,30.0,94.0,340.0,0,198.82,17,5
41,13,val,500.0,410.0,0.0,-30.0,30.0,93.5,310.0,0,202.08,17,6
41,14,val,500.0,380.0,0.0,-30.0,30.0,93.0,280.0,1,207.25,16,5
41,15,val,500.0,350.0,0.0,-30.0,30.0,92.5,250.0,1,214.15,15,5
41,16,val,500.0,320.0,0.0,-30.0,30.0,92.0,220.0,1,223.53,15,5
41,17,val,500.0,290.0,0.0,-30.0,30.0,91.5,190.0,1,237.48,14,5
41,18,val,500.0,260.0,0.0,-30.0,30.0,91.0,160.0,1,253.62,12,5
41,19,val,500.0,260.0,0.0,0.0,0.0,90.5,160.0,1,254.11,12,5
41,20,val,500.0,260.0,0.0,0.0,0.0,90.0,160.0,1,254.63,12,5
41,21,val,500.0,260.0,0.0,0.0,0.0,89.5,160.0,1,255.18,12,5
41,22,val,500.0,260.0,0.0,0.0,0.0,89.0,160.0,1,255.74,12,5
41,23,val,500.0,260.0,0.0,0.0,0.0,88.5,160.0,1,256.33,12,5
41,24,val,500.0,260.0,0.0,0.0,0.0,88.0,160.0,1,256.94,12,4
42,0,test,500.0,800.0,0.0,0.0,0.0,100.0,700.0,0,330.49,9,2
42,1,test,500.0,770.0,0.0,-30.0,30.0,99.5,670.0,0,309.27,10,2
42,2,test,500.0,740.0,0.0,-30.0,30.0,99.0,640.0,0,291.24,11,2
42,3,test,500.0,710.0,0.0,-30.0,30.0,98.5,610.0,0,276.07,11,3
42,4,test,500.0,680.0,0.0,-30.0,30.0,98.0,580.0,0,262.27,12,3
42,5,test,500.0,650.0,0.0,-30.0,30.0,97.5,550.0,0,249.82,12,3
42,6,test,500.0,620.0,0.0,-30.0,30.0,97.0,520.0,0,239.24,14,3
42,7,test,500.0,590.0,0.0,-30.0,30.0,96.5,490.0,0,230.81,15,3
42,8,test,500.0,560.0,0.0,-30.0,30.0,96.0,460.0,0,224.36,16,2
42,9,test,500.0,530.0,0.0,-30.0,30.0,95.5,430.0,0,219.83,17,2
42,10,test,500.0,500.0,0.0,-30.0,30.0,95.0,400.0,0,216.88,16,2
42,11,test,500.0,470.0,0.0,-30.0,30.0,94.5,370.0,0,216.17,15,2
42,12,test,500.0,440.0,0.0,-30.0,30.0,94.0,340.0,0,218.78,14,2
42,13,test,500.0,410.0,0.0,-30.0,30.0,93.5,310.0,0,223.12,13,2
42,14,test,500.0,380.0,0.0,-30.0,30.0,93.0,280.0,1,229.15,14,2
42,15,test,500.0,350.0,0.0,-30.0,30.0,92.5,250.0,1,237.09,14,3
42,16,test,500.0,320.0,0.0,-30.0,30.0,92.0,220.0,1,247.45,14,4
42,17,test,500.0,290.0,0.0,-30.0,30.0,91.5,190.0,1,261.13,13,3
42,18,test,500.0,260.0,0.0,-30.0,30.0,91.0,160.0,1,278.8,13,3
42,19,test,500.0,260.0,0.0,0.0,0.0,90.5,160.0,1,279.19,13,3
42,20,test,500.0,260.0,0.0,0.0,0.0,90.0,160.0,1,279.62,13,4
42,21,test,500.0,260.0,0.0,0.0,0.0,89.5,160.0,1,280.09,13,5
42,22,test,500.0,260.0,0.0,0.0,0.0,89.0,160.0,1,280.59,13,4
42,23,test,500.0,260.0,0.0,0.0,0.0,88.5,160.0,1,281.11,13,4
42,24,test,500.0,260.0,0.0,0.0,0.0,88.0,160.0,1,281.67,13,4
43,0,test,500.0,800.0,0.0,0.0,0.0,100.0,700.0,0,326.04,9,6
43,1,test,500.0,770.0,0.0,-30.0,30.0,99.5,670.0,0,308.6,11,5
43,2,test,500.0,740.0,0.0,-30.0,30.0,99.0,640.0,0,294.68,12,5
43,3,test,500.0,710.0,0.0,-30.0,30.0,98.5,610.0,0,284.41,12,5
43,4,test,500.0,680.0,0.0,-30.0,30.0,98.0,580.0,0,275.84,12,4
43,5,test,500.0,650.0,0.0,-30.0,30.0,97.5,550.0,0,268.52,13,4
43,6,test,500.0,620.0,0.0,-30.0,30.0,97.0,520.0,0,262.3,13,3
43,7,test,500.0,590.0,0.0,-30.0,30.0,96.5,490.0,0,257.15,13,3
43,8,test,500.0,560.0,0.0,-30.0,30.0,96.0,460.0,0,253.0,12,3
43,9,test,500.0,530.0,0.0,-30.0,30.0,95.5,430.0,0,249.82,13,3
43,10,test,500.0,500.0,0.0,-30.0,30.0,95.0,400.0,0,247.78,13,3
43,11,test,500.0,470.0,0.0,-30.0,30.0,94.5,370.0,0,247.47,12,3
43,12,test,500.0,440.0,0.0,-30.0,30.0,94.0,340.0,0,249.7,12,2
43,13,test,500.0,410.0,0.0,-30.0,30.0,93.5,310.0,0,254.09,13,2
43,14,test,500.0,380.0,0.0,-30.0,30.0,93.0,280.0,1,259.84,12,3
43,15,test,500.0,350.0,0.0,-30.0,30.0,92.5,250.0,1,266.92,13,3
43,16,test,500.0,320.0,0.0,-30.0,30.0,92.0,220.0,1,276.56,12,3
43,17,test,500.0,290.0,0.0,-30.0,30.0,91.5,190.0,1,288.77,11,2
43,18,test,500.0,260.0,0.0,-30.0,30.0,91.0,160.0,1,302.78,11,2
43,19,test,500.0,260.0,0.0,0.0,0.0,90.5,160.0,1,302.18,11,2
43,20,test,500.0,260.0,0.0,0.0,0.0,90.0,160.0,1,301.61,11,2
43,21,test,500.0,260.0,0.0,0.0,0.0,89.5,160.0,1,301.07,11,2
43,22,test,500.0,260.0,0.0,0.0,0.0,89.0,160.0,1,300.57,11,2
43,23,test,500.0,260.0,0.0,0.0,0.0,88.5,160.0,1,300.1,11,2
43,24,test,500.0,260.0,0.0,0.0,0.0,88.0,160.0,1,299.66,11,2
44,0,test,500.0,800.0,0.0,0.0,0.0,100.0,700.0,0,368.29,9,4
44,1,test,500.0,770.0,0.0,-30.0,30.0,99.5,670.0,0,344.28,10,5
44,2,test,500.0,740.0,0.0,-30.0,30.0,99.0,640.0,0,321.62,10,5
44,3,test,500.0,710.0,0.0,-30.0,30.0,98.5,610.0,0,300.55,12,5
44,4,test,500.0,680.0,0.0,-30.0,30.0,98.0,580.0,0,281.33,14,5
44,5,test,500.0,650.0,0.0,-30.0,30.0,97.5,550.0,0,264.14,14,5
44,6,test,500.0,620.0,0.0,-30.0,30.0,97.0,520.0,0,249.75,15,5
44,7,test,500.0,590.0,0.0,-30.0,30.0,96.5,490.0,0,240.01,15,5
44,8,test,500.0,560.0,0.0,-30.0,30.0,96.0,460.0,0,232.77,15,5
44,9,test,500.0,530.0,0.0,-30.0,30.0,95.5,430.0,0,228.54,16,6
44,10,test,500.0,500.0,0.0,-30.0,30.0,95.0,400.0,0,227.54,15,5
44,11,test,500.0,470.0,0.0,-30.0,30.0,94.5,370.0,0,228.91,15,5
44,12,test,500.0,440.0,0.0,-30.0,30.0,94.0,340.0,0,232.39,14,7
44,13,test,500.0,410.0,0.0,-30.0,30.0,93.5,310.0,0,238.05,14,6
44,14,test,500.0,380.0,0.0,-30.0,30.0,93.0,280.0,1,248.66,12,6
44,15,test,500.0,350.0,0.0,-30.0,30.0,92.5,250.0,1,263.09,13,6
44,16,test,500.0,320.0,0.0,-30.0,30.0,92.0,220.0,1,279.21,12,5
44,17,test,500.0,290.0,0.0,-30.0,30.0,91.5,190.0,1,296.98,11,4
44,18,test,500.0,260.0,0.0,-30.0,30.0,91.0,160.0,1,316.34,10,6
44,19,test,500.0,260.0,0.0,0.0,0.0,90.5,160.0,1,317.67,10,6
44,20,test,500.0,260.0,0.0,0.0,0.0,90.0,160.0,1,319.01,10,6
44,21,test,500.0,260.0,0.0,0.0,0.0,89.5,160.0,1,320.38,10,6
44,22,test,500.0,260.0,0.0,0.0,0.0,89.0,160.0,1,321.77,10,5
44,23,test,500.0,260.0,0.0,0.0,0.0,88.5,160.0,1,323.18,10,5
44,24,test,500.0,260.0,0.0,0.0,0.0,88.0,160.0,1,324.61,10,6
45,0,test,500.0,800.0,0.0,0.0,0.0,100.0,700.0,0,389.33,7,4
45,1,test,500.0,770.0,0.0,-30.0,30.0,99.5,670.0,0,369.41,8,4
45,2,test,500.0,740.0,0.0,-30.0,30.0,99.0,640.0,0,350.98,8,4
45,3,test,500.0,710.0,0.0,-30.0,30.0,98.5,610.0,0,333.79,9,3
45,4,test,500.0,680.0,0.0,-30.0,30.0,98.0,580.0,0,317.78,11,3
45,5,test,500.0,650.0,0.0,-30.0,30.0,97.5,550.0,0,302.95,11,3
45,6,test,500.0,620.0,0.0,-30.0,30.0,97.0,520.0,0,289.35,11,4
45,7,test,500.0,590.0,0.0,-30.0,30.0,96.5,490.0,0,277.08,13,4
45,8,test,500.0,560.0,0.0,-30.0,30.0,96.0,460.0,0,266.34,13,4
45,9,test,500.0,530.0,0.0,-30.0,30.0,95.5,430.0,0,257.35,13,4
45,10,test,500.0,500.0,0.0,-30.0,30.0,95.0,400.0,0,250.33,15,4
45,11,test,500.0,470.0,0.0,-30.0,30.0,94.5,370.0,0,245.3,14,4
45,12,test,500.0,440.0,0.0,-30.0,30.0,94.0,340.0,0,242.19,14,4
45,13,test,500.0,410.0,0.0,-30.0,30.0,93.5,310.0,0,241.01,14,5
45,14,test,500.0,380.0,0.0,-30.0,30.0,93.0,280.0,1,241.89,15,5
45,15,test,500.0,350.0,0.0,-30.0,30.0,92.5,250.0,1,245.15,14,6
45,16,test,500.0,320.0,0.0,-30.0,30.0,92.0,220.0,1,251.4,14,5
45,17,test,500.0,290.0,0.0,-30.0,30.0,91.5,190.0,1,260.76,14,4
45,18,test,500.0,260.0,0.0,-30.0,30.0,91.0,160.0,1,272.89,13,4
45,19,test,500.0,260.0,0.0,0.0,0.0,90.5,160.0,1,273.51,13,4
45,20,test,500.0,260.0,0.0,0.0,0.0,90.0,160.0,1,274.14,13,4
45,21,test,500.0,260.0,0.0,0.0,0.0,89.5,160.0,1,274.8,13,4
45,22,test,500.0,260.0,0.0,0.0,0.0,89.0,160.0,1,275.48,13,4
45,23,test,500.0,260.0,0.0,0.0,0.0,88.5,160.0,1,276.19,13,4
45,24,test,500.0,260.0,0.0,0.0,0.0,88.0,160.0,1,276.93,13,4
46,0,test,500.0,800.0,0.0,0.0,0.0,100.0,700.0,0,361.68,9,4
46,1,test,500.0,770.0,0.0,-30.0,30.0,99.5,670.0,0,345.73,9,4
46,2,test,500.0,740.0,0.0,-30.0,30.0,99.0,640.0,0,330.89,9,4
46,3,test,500.0,710.0,0.0,-30.0,30.0,98.5,610.0,0,316.96,9,4
46,4,test,500.0,680.0,0.0,-30.0,30.0,98.0,580.0,0,303.97,10,4
46,5,test,500.0,650.0,0.0,-30.0,30.0,97.5,550.0,0,292.03,10,4
46,6,test,500.0,620.0,0.0,-30.0,30.0,97.0,520.0,0,281.35,13,4
46,7,test,500.0,590.0,0.0,-30.0,30.0,96.5,490.0,0,272.4,12,5
46,8,test,500.0,560.0,0.0,-30.0,30.0,96.0,460.0,0,265.85,13,5
46,9,test,500.0,530.0,0.0,-30.0,30.0,95.5,430.0,0,261.41,13,4
46,10,test,500.0,500.0,0.0,-30.0,30.0,95.0,400.0,0,258.53,13,4
46,11,test,500.0,470.0,0.0,-30.0,30.0,94.5,370.0,0,256.98,13,4
46,12,test,500.0,440.0,0.0,-30.0,30.0,94.0,340.0,0,256.68,14,4
46,13,test,500.0,410.0,0.0,-30.0,30.0,93.5,310.0,0,257.64,14,4
46,14,test,500.0,380.0,0.0,-30.0,30.0,93.0,280.0,1,259.97,15,5
46,15,test,500.0,350.0,0.0,-30.0,30.0,92.5,250.0,1,263.88,14,5
46,16,test,500.0,320.0,0.0,-30.0,30.0,92.0,220.0,1,269.56,13,6
46,17,test,500.0,290.0,0.0,-30.0,30.0,91.5,190.0,1,277.92,12,5
46,18,test,500.0,260.0,0.0,-30.0,30.0,91.0,160.0,1,289.98,11,5
46,19,test,500.0,260.0,0.0,0.0,0.0,90.5,160.0,1,289.66,11,5
46,20,test,500.0,260.0,0.0,0.0,0.0,90.0,160.0,1,289.37,11,5
46,21,test,500.0,260.0,0.0,0.0,0.0,89.5,160.0,1,289.11,11,5
46,22,test,500.0,260.0,0.0,0.0,0.0,89.0,160.0,1,288.87,11,5
46,23,test,500.0,260.0,0.0,0.0,0.0,88.5,160.0,1,288.67,11,5
46,24,test,500.0,260.0,0.0,0.0,0.0,88.0,160.0,1,288.5,11,5
47,0,test,500.0,800.0,0.0,0.0,0.0,100.0,700.0,0,351.13,8,4
47,1,test,500.0,770.0,0.0,-30.0,30.0,99.5,670.0,0,332.42,9,4
47,2,test,500.0,740.0,0.0,-30.0,30.0,99.0,640.0,0,315.6,10,4
47,3,test,500.0,710.0,0.0,-30.0,30.0,98.5,610.0,0,300.71,13,4
47,4,test,500.0,680.0,0.0,-30.0,30.0,98.0,580.0,0,287.57,13,4
47,5,test,500.0,650.0,0.0,-30.0,30.0,97.5,550.0,0,275.97,14,3
47,6,test,500.0,620.0,0.0,-30.0,30.0,97.0,520.0,0,265.77,14,2
47,7,test,500.0,590.0,0.0,-30.0,30.0,96.5,490.0,0,257.0,13,2
47,8,test,500.0,560.0,0.0,-30.0,30.0,96.0,460.0,0,249.8,13,3
47,9,test,500.0,530.0,0.0,-30.0,30.0,95.5,430.0,0,244.51,14,3
47,10,test,500.0,500.0,0.0,-30.0,30.0,95.0,400.0,0,241.66,14,3
47,11,test,500.0,470.0,0.0,-30.0,30.0,94.5,370.0,0,241.81,14,3
47,12,test,500.0,440.0,0.0,-30.0,30.0,94.0,340.0,0,244.98,14,4
47,13,test,500.0,410.0,0.0,-30.0,30.0,93.5,310.0,0,251.12,12,5
47,14,test,500.0,380.0,0.0,-30.0,30.0,93.0,280.0,1,260.11,12,5
47,15,test,500.0,350.0,0.0,-30.0,30.0,92.5,250.0,1,271.67,12,6
47,16,test,500.0,320.0,0.0,-30.0,30.0,92.0,220.0,1,285.45,13,6
47,17,test,500.0,290.0,0.0,-30.0,30.0,91.5,190.0,1,301.04,13,5
47,18,test,500.0,260.0,0.0,-30.0,30.0,91.0,160.0,1,318.08,11,5
47,19,test,500.0,260.0,0.0,0.0,0.0,90.5,160.0,1,318.85,11,6
47,20,test,500.0,260.0,0.0,0.0,0.0,90.0,160.0,1,319.65,11,7
47,21,test,500.0,260.0,0.0,0.0,0.0,89.5,160.0,1,320.48,11,7
47,22,test,500.0,260.0,0.0,0.0,0.0,89.0,160.0,1,321.34,11,8
47,23,test,500.0,260.0,0.0,0.0,0.0,88.5,160.0,1,322.22,11,8
47,24,test,500.0,260.0,0.0,0.0,0.0,88.0,160.0,1,323.13,11,8
48,0,test,500.0,800.0,0.0,0.0,0.0,100.0,700.0,0,365.72,8,8
48,1,test,500.0,770.0,0.0,-30.0,30.0,99.5,670.0,0,344.95,11,8
48,2,test,500.0,740.0,0.0,-30.0,30.0,99.0,640.0,0,325.53,11,8
48,3,test,500.0,710.0,0.0,-30.0,30.0,98.5,610.0,0,307.5,11,7
48,4,test,500.0,680.0,0.0,-30.0,30.0,98.0,580.0,0,290.84,12,7
48,5,test,500.0,650.0,0.0,-30.0,30.0,97.5,550.0,0,275.44,12,7
48,6,test,500.0,620.0,0.0,-30.0,30.0,97.0,520.0,0,261.29,13,6
48,7,test,500.0,590.0,0.0,-30.0,30.0,96.5,490.0,0,248.53,14,6
48,8,test,500.0,560.0,0.0,-30.0,30.0,96.0,460.0,0,237.43,13,7
48,9,test,500.0,530.0,0.0,-30.0,30.0,95.5,430.0,0,228.37,14,6
48,10,test,500.0,500.0,0.0,-30.0,30.0,95.0,400.0,0,222.08,13,5
48,11,test,500.0,470.0,0.0,-30.0,30.0,94.5,370.0,0,219.17,16,5
48,12,test,500.0,440.0,0.0,-30.0,30.0,94.0,340.0,0,219.53,15,5
48,13,test,500.0,410.0,0.0,-30.0,30.0,93.5,310.0,0,222.77,14,5
48,14,test,500.0,380.0,0.0,-30.0,30.0,93.0,280.0,1,228.66,14,5
48,15,test,500.0,350.0,0.0,-30.0,30.0,92.5,250.0,1,236.94,14,6
48,16,test,500.0,320.0,0.0,-30.0,30.0,92.0,220.0,1,247.41,15,6
48,17,test,500.0,290.0,0.0,-30.0,30.0,91.5,190.0,1,260.04,15,5
48,18,test,500.0,260.0,0.0,-30.0,30.0,91.0,160.0,1,274.86,15,5
48,19,test,500.0,260.0,0.0,0.0,0.0,90.5,160.0,1,273.79,15,5
48,20,test,500.0,260.0,0.0,0.0,0.0,90.0,160.0,1,272.74,15,5
48,21,test,500.0,260.0,0.0,0.0,0.0,89.5,160.0,1,271.72,15,5
48,22,test,500.0,260.0,0.0,0.0,0.0,89.0,160.0,1,270.73,15,4
48,23,test,500.0,260.0,0.0,0.0,0.0,88.5,160.0,1,269.76,15,4
48,24,test,500.0,260.0,0.0,0.0,0.0,88.0,160.0,1,268.82,15,4
49,0,test,500.0,800.0,0.0,0.0,0.0,100.0,700.0,0,330.46,11,4
49,1,test,500.0,770.0,0.0,-30.0,30.0,99.5,670.0,0,312.5,12,4
49,2,test,500.0,740.0,0.0,-30.0,30.0,99.0,640.0,0,296.34,12,4
49,3,test,500.0,710.0,0.0,-30.0,30.0,98.5,610.0,0,281.96,13,4
49,4,test,500.0,680.0,0.0,-30.0,30.0,98.0,580.0,0,269.8,13,5
49,5,test,500.0,650.0,0.0,-30.0,30.0,97.5,550.0,0,260.48,13,6
49,6,test,500.0,620.0,0.0,-30.0,30.0,97.0,520.0,0,254.56,14,6
49,7,test,500.0,590.0,0.0,-30.0,30.0,96.5,490.0,0,251.36,13,8
49,8,test,500.0,560.0,0.0,-30.0,30.0,96.0,460.0,0,249.77,13,8
49,9,test,500.0,530.0,0.0,-30.0,30.0,95.5,430.0,0,249.77,11,8
49,10,test,500.0,500.0,0.0,-30.0,30.0,95.0,400.0,0,251.3,10,9
49,11,test,500.0,470.0,0.0,-30.0,30.0,94.5,370.0,0,255.94,11,9
49,12,test,500.0,440.0,0.0,-30.0,30.0,94.0,340.0,0,262.91,11,9
49,13,test,500.0,410.0,0.0,-30.0,30.0,93.5,310.0,0,271.08,14,8
49,14,test,500.0,380.0,0.0,-30.0,30.0,93.0,280.0,1,280.41,13,7
49,15,test,500.0,350.0,0.0,-30.0,30.0,92.5,250.0,1,290.89,11,8
49,16,test,500.0,320.0,0.0,-30.0,30.0,92.0,220.0,1,305.18,11,8
49,17,test,500.0,290.0,0.0,-30.0,30.0,91.5,190.0,1,321.13,10,7
49,18,test,500.0,260.0,0.0,-30.0,30.0,91.0,160.0,1,338.51,10,6
49,19,test,500.0,260.0,0.0,0.0,0.0,90.5,160.0,1,338.69,10,6
49,20,test,500.0,260.0,0.0,0.0,0.0,90.0,160.0,1,338.9,10,6
49,21,test,500.0,260.0,0.0,0.0,0.0,89.5,160.0,1,339.14,10,6
49,22,test,500.0,260.0,0.0,0.0,0.0,89.0,160.0,1,339.4,10,6
49,23,test,500.0,260.0,0.0,0.0,0.0,88.5,160.0,1,339.69,10,6
49,24,test,500.0,260.0,0.0,0.0,0.0,88.0,160.0,1,340.01,10,5
